name	YB1_aer_MinION_count	YB1_aer_0508_count	YB1_ana_v2_count	YB1_ana_0507_count	YB1_ana_0508_count	YB1_aer_clone_0516_count	YB1_ana_clone_0516_count	SL7207_aer_0507_count	SL7207_aer_0509_count	SL7207_ana_0509_count	dAsd_aer_0511_count	dAsd_ana_0512_count	dAsd_aer_0514_count	dAsd_ana_0514_count	PW_aer_0515_count	PW_ana_0515_count	YB1_aer_MinION_cpm	YB1_aer_0508_cpm	YB1_ana_v2_cpm	YB1_ana_0507_cpm	YB1_ana_0508_cpm	YB1_aer_clone_0516_cpm	YB1_ana_clone_0516_cpm	SL7207_aer_0507_cpm	SL7207_aer_0509_cpm	SL7207_ana_0509_cpm	dAsd_aer_0511_cpm	dAsd_ana_0512_cpm	dAsd_aer_0514_cpm	dAsd_ana_0514_cpm	PW_aer_0515_cpm	PW_ana_0515_cpm
Thr_leader	37	79	27	79	89	10	62	19	24	100	88	94	11	87	33	60	129.92	92.30	194.76	94.90	179.11	11.66	74.80	26.30	40.49	77.47	98.94	101.64	36.51	92.24	34.65	65.80
PK-repZ	183	606	131	421	380	83	165	407	148	387	374	963	119	480	195	147	642.60	708.01	944.95	505.72	764.74	96.79	199.06	563.37	249.70	299.82	420.51	1041.24	394.95	508.90	204.75	161.22
Plasmid_R1162	5	21	4	17	5	17	23	11	19	34	13	15	5	19	15	19	17.56	24.53	28.85	20.42	10.06	19.82	27.75	15.23	32.06	26.34	14.62	16.22	16.59	20.14	15.75	20.84
AS-traI	41	207	50	98	114	4	38	145	18	46	117	253	16	140	81	15	143.97	241.84	360.67	117.72	229.42	4.66	45.84	200.71	30.37	35.64	131.55	273.55	53.10	148.43	85.05	16.45
AS-traG	0	0	0	0	0	0	0	0	1	1	0	1	1	1	1	0	0.00	0.00	0.00	0.00	0.00	0.00	0.00	0.00	1.69	0.77	0.00	1.08	3.32	1.06	1.05	0.00
tpke11	9	27	3	114	63	61	22	12	15	127	97	58	12	33	37	25	31.60	31.54	21.64	136.94	126.79	71.14	26.54	16.61	25.31	98.39	109.06	62.71	39.83	34.99	38.85	27.42
STnc890	4	5	1	26	15	23	4	1	10	57	10	11	2	9	15	14	14.05	5.84	7.21	31.23	30.19	26.82	4.83	1.38	16.87	44.16	11.24	11.89	6.64	9.54	15.75	15.35
STnc3200	0	0	0	2	1	0	0	1	0	0	0	0	1	0	0	1	0.00	0.00	0.00	2.40	2.01	0.00	0.00	1.38	0.00	0.00	0.00	0.00	3.32	0.00	0.00	1.10
STnc3210	0	0	0	0	0	0	0	0	0	0	0	0	0	0	0	0	0.00	0.00	0.00	0.00	0.00	0.00	0.00	0.00	0.00	0.00	0.00	0.00	0.00	0.00	0.00	0.00
FinP	0	0	2	1	2	4	1	1	1	2	1	1	0	2	2	2	0.00	0.00	14.43	1.20	4.02	4.66	1.21	1.38	1.69	1.55	1.12	1.08	0.00	2.12	2.10	2.19
traJ_5	0	0	2	1	2	4	1	1	1	2	1	1	0	2	2	2	0.00	0.00	14.43	1.20	4.02	4.66	1.21	1.38	1.69	1.55	1.12	1.08	0.00	2.12	2.10	2.19
STnc1010	0	0	0	0	0	0	0	0	0	0	5	2	1	3	1	1	0.00	0.00	0.00	0.00	0.00	0.00	0.00	0.00	0.00	0.00	5.62	2.16	3.32	3.18	1.05	1.10
sok	441	2017	641	1398	1290	139	661	1340	459	1298	1074	1890	323	1536	1255	785	1548.56	2356.53	4623.75	1679.34	2596.09	162.10	797.45	1854.83	774.41	1005.60	1207.55	2043.55	1072.00	1628.49	1317.74	860.95
AgrB	52	1197	33	813	680	79	401	745	209	502	715	1389	176	1141	223	245	182.60	1398.49	238.04	976.61	1368.48	92.13	483.78	1031.23	352.62	388.91	803.91	1501.85	584.12	1209.71	234.15	268.70
STnc30	2	22	0	17	8	15	4	11	32	45	9	5	5	11	9	10	7.02	25.70	0.00	20.42	16.10	17.49	4.83	15.23	53.99	34.86	10.12	5.41	16.59	11.66	9.45	10.97
STnc3220	1	4	0	4	6	3	4	10	5	15	4	3	1	5	3	3	3.51	4.67	0.00	4.80	12.07	3.50	4.83	13.84	8.44	11.62	4.50	3.24	3.32	5.30	3.15	3.29
STnc4160	1	4	3	1	5	0	3	4	7	5	7	9	0	3	2	4	3.51	4.67	21.64	1.20	10.06	0.00	3.62	5.54	11.81	3.87	7.87	9.73	0.00	3.18	2.10	4.39
STnc3090	1	4	3	1	5	0	3	4	7	5	7	9	0	3	2	4	3.51	4.67	21.64	1.20	10.06	0.00	3.62	5.54	11.81	3.87	7.87	9.73	0.00	3.18	2.10	4.39
DapZ	2	4	1	16	10	5	9	4	4	8	18	24	7	18	7	15	7.02	4.67	7.21	19.22	20.12	5.83	10.86	5.54	6.75	6.20	20.24	25.95	23.23	19.08	7.35	16.45
C4	47	409	24	431	242	39	109	181	160	503	262	301	82	294	246	169	165.04	477.85	173.12	517.74	487.02	45.48	131.50	250.54	269.95	389.69	294.58	325.45	272.15	311.70	258.30	185.35
CopA	151	617	118	248	211	74	90	643	165	340	140	287	61	263	167	98	530.23	720.86	851.17	297.91	424.63	86.30	108.58	890.04	278.38	263.41	157.41	310.32	202.45	278.84	175.35	107.48
naRNA4	0	0	0	0	0	0	0	0	0	0	1	0	1	0	0	1	0.00	0.00	0.00	0.00	0.00	0.00	0.00	0.00	0.00	0.00	1.12	0.00	3.32	0.00	0.00	1.10
STnc470	1	5	0	2	1	5	4	2	6	5	4	2	1	3	4	5	3.51	5.84	0.00	2.40	2.01	5.83	4.83	2.77	10.12	3.87	4.50	2.16	3.32	3.18	4.20	5.48
STnc4170	0	6	0	3	3	1	1	2	2	1	1	0	0	2	3	1	0.00	7.01	0.00	3.60	6.04	1.17	1.21	2.77	3.37	0.77	1.12	0.00	0.00	2.12	3.15	1.10
STnc3240	2	15	1	15	13	13	17	7	18	35	6	12	4	19	11	10	7.02	17.52	7.21	18.02	26.16	15.16	20.51	9.69	30.37	27.12	6.75	12.97	13.28	20.14	11.55	10.97
STnc4180	3	9	0	11	8	5	7	4	11	25	6	13	4	13	5	8	10.53	10.51	0.00	13.21	16.10	5.83	8.45	5.54	18.56	19.37	6.75	14.06	13.28	13.78	5.25	8.77
TPP	1	1	0	2	1	2	2	4	0	9	2	2	2	4	2	4	3.51	1.17	0.00	2.40	2.01	2.33	2.41	5.54	0.00	6.97	2.25	2.16	6.64	4.24	2.10	4.39
SgrS	6	34	4	21	27	5	13	8	7	16	9	12	5	11	6	14	21.07	39.72	28.85	25.23	54.34	5.83	15.68	11.07	11.81	12.40	10.12	12.97	16.59	11.66	6.30	15.35
Leu_leader	12	200	11	166	128	12	58	138	91	254	105	109	23	100	55	28	42.14	233.67	79.35	199.41	257.60	13.99	69.97	191.02	153.53	196.78	118.06	117.86	76.33	106.02	57.75	30.71
STnc1500	1	6	0	4	1	5	6	2	5	6	4	6	2	8	1	3	3.51	7.01	0.00	4.80	2.01	5.83	7.24	2.77	8.44	4.65	4.50	6.49	6.64	8.48	1.05	3.29
PssrA	6	8	1	17	10	17	32	10	14	34	21	18	11	28	16	23	21.07	9.35	7.21	20.42	20.12	19.82	38.61	13.84	23.62	26.34	23.61	19.46	36.51	29.69	16.80	25.23
STnc40	7	22	0	18	10	19	15	16	24	37	13	17	6	15	16	18	24.58	25.70	0.00	21.62	20.12	22.16	18.10	22.15	40.49	28.66	14.62	18.38	19.91	15.90	16.80	19.74
tp2	39	190	10	86	46	19	45	188	239	349	26	23	16	81	87	38	136.95	221.98	72.13	103.31	92.57	22.16	54.29	260.23	403.23	270.38	29.23	24.87	53.10	85.88	91.35	41.68
STnc50	18	74	2	27	40	50	59	54	68	118	26	20	10	29	27	39	63.21	86.46	14.43	32.43	80.50	58.31	71.18	74.75	114.73	91.42	29.23	21.62	33.19	30.75	28.35	42.77
STnc4190	1	3	0	1	0	4	1	3	0	4	2	4	1	1	4	3	3.51	3.50	0.00	1.20	0.00	4.66	1.21	4.15	0.00	3.10	2.25	4.32	3.32	1.06	4.20	3.29
STnc3250	4	8	0	18	13	5	15	3	10	19	9	10	5	19	12	7	14.05	9.35	0.00	21.62	26.16	5.83	18.10	4.15	16.87	14.72	10.12	10.81	16.59	20.14	12.60	7.68
STnc1510	1	6	0	10	8	12	12	4	10	9	17	18	0	12	13	12	3.51	7.01	0.00	12.01	16.10	13.99	14.48	5.54	16.87	6.97	19.11	19.46	0.00	12.72	13.65	13.16
HtrA_thermometer	0	1	0	5	2	6	8	1	3	11	3	6	3	3	4	2	0.00	1.17	0.00	6.01	4.02	7.00	9.65	1.38	5.06	8.52	3.37	6.49	9.96	3.18	4.20	2.19
STnc3100	0	1	0	4	0	3	3	1	3	16	13	12	5	9	0	0	0.00	1.17	0.00	4.80	0.00	3.50	3.62	1.38	5.06	12.40	14.62	12.97	16.59	9.54	0.00	0.00
STnc3110	9	28	5	33	19	24	32	29	24	39	38	44	11	38	28	35	31.60	32.71	36.07	39.64	38.24	27.99	38.61	40.14	40.49	30.21	42.73	47.57	36.51	40.29	29.40	38.39
t44	31	125	8	85	78	179	125	139	89	227	179	161	53	153	153	80	108.86	146.04	57.71	102.11	156.97	208.74	150.80	192.40	150.16	175.86	201.26	174.08	175.90	162.21	160.65	87.74
CssrA	41	129	14	106	72	212	169	131	86	254	176	176	58	162	144	87	143.97	150.71	100.99	127.33	144.90	247.23	203.89	181.33	145.10	196.78	197.89	190.30	192.50	171.76	151.20	95.42
sRNA1	10	36	2	27	22	45	34	29	22	49	35	52	10	40	43	39	35.11	42.06	14.43	32.43	44.27	52.48	41.02	40.14	37.12	37.96	39.35	56.22	33.19	42.41	45.15	42.77
STnc920	6	30	3	22	16	14	30	25	18	48	17	24	10	27	28	14	21.07	35.05	21.64	26.43	32.20	16.33	36.19	34.60	30.37	37.19	19.11	25.95	33.19	28.63	29.40	15.35
SSU_rRNA_archaea	3737	11951	2413	19991	9119	24282	25930	10131	14344	28669	18086	14968	5985	19929	17514	24777	13122.41	13962.74	17405.79	24014.02	18351.71	28316.90	31282.91	14023.33	24200.62	22210.69	20334.99	16184.07	19863.53	21129.07	18389.60	27174.08
SSU_rRNA_eukarya	3737	11951	2413	19991	9119	24282	25930	10131	14344	28669	18086	14968	5985	19929	17514	24777	13122.41	13962.74	17405.79	24014.02	18351.71	28316.90	31282.91	14023.33	24200.62	22210.69	20334.99	16184.07	19863.53	21129.07	18389.60	27174.08
SSU_rRNA_microsporidia	3737	11951	2413	19991	9119	24282	25930	10131	14344	28669	18086	14968	5985	19929	17514	24777	13122.41	13962.74	17405.79	24014.02	18351.71	28316.90	31282.91	14023.33	24200.62	22210.69	20334.99	16184.07	19863.53	21129.07	18389.60	27174.08
StyR-44	103	478	27	371	270	412	543	290	230	546	859	1232	250	868	715	440	361.68	558.46	194.76	445.66	543.37	480.46	655.10	401.42	388.05	423.00	965.82	1332.09	829.72	920.27	750.75	482.57
LSU_rRNA_archaea	34609	96178	12070	86088	51635	86960	91423	77602	61513	128208	100456	115125	32390	99153	88386	95875	121528.90	112367.85	87065.04	103412.49	103913.85	101410.01	110296.10	107416.68	103782.28	99326.37	112947.67	124478.30	107498.69	105123.71	92804.81	105150.54
LSU_rRNA_eukarya	34446	95932	11997	86040	51585	86909	91288	77495	61453	128086	100312	114950	32361	99076	88256	95794	120956.53	112080.44	86538.46	103354.83	103813.23	101350.54	110133.23	107268.57	103681.05	99231.86	112785.77	124289.08	107402.44	105042.07	92668.31	105061.70
isrA	0	0	0	0	0	0	0	0	0	0	0	0	0	0	1	0	0.00	0.00	0.00	0.00	0.00	0.00	0.00	0.00	0.00	0.00	0.00	0.00	0.00	0.00	1.05	0.00
STnc1030	6	22	5	13	19	5	4	13	11	12	20	45	0	28	15	11	21.07	25.70	36.07	15.62	38.24	5.83	4.83	17.99	18.56	9.30	22.49	48.66	0.00	29.69	15.75	12.06
STnc1040	6	22	5	13	17	4	4	12	10	11	19	41	0	26	14	9	21.07	25.70	36.07	15.62	34.21	4.66	4.83	16.61	16.87	8.52	21.36	44.33	0.00	27.57	14.70	9.87
STnc3270	0	1	0	0	1	0	0	0	2	0	1	3	0	1	2	0	0.00	1.17	0.00	0.00	2.01	0.00	0.00	0.00	3.37	0.00	1.12	3.24	0.00	1.06	2.10	0.00
STnc1700	0	0	0	0	1	0	0	0	0	0	0	0	0	0	1	0	0.00	0.00	0.00	0.00	2.01	0.00	0.00	0.00	0.00	0.00	0.00	0.00	0.00	0.00	1.05	0.00
STnc3280	0	0	0	0	0	1	0	0	1	0	1	0	0	1	0	0	0.00	0.00	0.00	0.00	0.00	1.17	0.00	0.00	1.69	0.00	1.12	0.00	0.00	1.06	0.00	0.00
STnc4150	0	3	0	1	0	1	1	1	1	0	2	0	0	2	2	1	0.00	3.50	0.00	1.20	0.00	1.17	1.21	1.38	1.69	0.00	2.25	0.00	0.00	2.12	2.10	1.10
rdlD	41	128	28	89	69	19	67	98	18	65	70	132	29	90	44	53	143.97	149.55	201.97	106.91	138.86	22.16	80.83	135.65	30.37	50.36	78.70	142.72	96.25	95.42	46.20	58.13
sraA	18	132	3	75	67	51	44	72	31	103	47	69	17	57	46	41	63.21	154.22	21.64	90.09	134.84	59.47	53.08	99.66	52.30	79.80	52.84	74.61	56.42	60.43	48.30	44.97
STnc930	1	5	2	2	1	4	7	2	4	5	4	2	1	2	5	3	3.51	5.84	14.43	2.40	2.01	4.66	8.45	2.77	6.75	3.87	4.50	2.16	3.32	2.12	5.25	3.29
DnaX	2	5	4	12	4	16	7	8	10	34	7	6	5	10	8	12	7.02	5.84	28.85	14.41	8.05	18.66	8.45	11.07	16.87	26.34	7.87	6.49	16.59	10.60	8.40	13.16
STnc3130	3	6	1	9	3	30	6	3	7	14	48	22	4	12	9	15	10.53	7.01	7.21	10.81	6.04	34.99	7.24	4.15	11.81	10.85	53.97	23.79	13.28	12.72	9.45	16.45
sroB	0	62	3	84	45	6	8	57	26	55	27	29	9	40	31	20	0.00	72.44	21.64	100.90	90.56	7.00	9.65	78.90	43.87	42.61	30.36	31.36	29.87	42.41	32.55	21.93
STnc950	1	0	0	1	2	0	1	2	1	4	1	0	0	0	2	0	3.51	0.00	0.00	1.20	4.02	0.00	1.21	2.77	1.69	3.10	1.12	0.00	0.00	0.00	2.10	0.00
STnc480	0	3	0	1	0	0	0	1	1	2	1	0	1	1	1	3	0.00	3.50	0.00	1.20	0.00	0.00	0.00	1.38	1.69	1.55	1.12	0.00	3.32	1.06	1.05	3.29
STnc1870	0	0	0	0	0	0	0	0	3	3	0	1	0	0	0	0	0.00	0.00	0.00	0.00	0.00	0.00	0.00	0.00	5.06	2.32	0.00	1.08	0.00	0.00	0.00	0.00
StyR-3	0	0	1	0	0	1	5	2	0	0	1	0	0	0	0	0	0.00	0.00	7.21	0.00	0.00	1.17	6.03	2.77	0.00	0.00	1.12	0.00	0.00	0.00	0.00	0.00
STnc3180	0	0	0	2	1	0	0	0	1	3	6	3	0	5	2	4	0.00	0.00	0.00	2.40	2.01	0.00	0.00	0.00	1.69	2.32	6.75	3.24	0.00	5.30	2.10	4.39
STnc70	99	454	70	161	174	27	109	352	132	210	216	335	30	160	46	123	347.64	530.42	504.93	193.40	350.17	31.49	131.50	487.24	222.71	162.69	242.86	362.22	99.57	169.63	48.30	134.90
rnk_leader	3	23	1	18	19	27	43	6	21	43	10	8	3	10	10	30	10.53	26.87	7.21	21.62	38.24	31.49	51.88	8.31	35.43	33.31	11.24	8.65	9.96	10.60	10.50	32.90
STnc3550	2	2	0	3	3	9	2	0	3	4	5	2	5	5	10	8	7.02	2.34	0.00	3.60	6.04	10.50	2.41	0.00	5.06	3.10	5.62	2.16	16.59	5.30	10.50	8.77
cspA	248	1537	118	716	498	410	1191	1066	774	1669	407	763	218	663	931	517	870.85	1795.73	851.17	860.09	1002.21	478.13	1436.87	1475.56	1305.86	1293.02	457.61	824.99	723.52	702.92	977.54	567.02
sroC	2	19	1	29	19	20	45	16	37	91	14	19	7	24	16	30	7.02	22.20	7.21	34.84	38.24	23.32	54.29	22.15	62.42	70.50	15.74	20.54	23.23	25.45	16.80	32.90
STnc3290	3	3	0	6	4	7	6	5	11	6	3	8	2	5	5	8	10.53	3.50	0.00	7.21	8.05	8.16	7.24	6.92	18.56	4.65	3.37	8.65	6.64	5.30	5.25	8.77
STnc3300	2	11	1	19	12	13	18	8	15	24	14	11	5	29	17	23	7.02	12.85	7.21	22.82	24.15	15.16	21.72	11.07	25.31	18.59	15.74	11.89	16.59	30.75	17.85	25.23
sRNA9	5	6	0	10	6	11	14	8	14	20	9	8	7	15	11	15	17.56	7.01	0.00	12.01	12.07	12.83	16.89	11.07	23.62	15.49	10.12	8.65	23.23	15.90	11.55	16.45
CpoB_ybgF_thermometer	34	73	7	97	68	70	124	56	63	177	143	161	51	135	53	116	119.39	85.29	50.49	116.52	136.85	81.63	149.60	77.52	106.29	137.13	160.78	174.08	169.26	143.13	55.65	127.22
RtT	12	149	20	26	19	161	86	211	82	52	184	204	50	178	345	98	42.14	174.08	144.27	31.23	38.24	187.75	103.75	292.07	138.35	40.29	206.88	220.57	165.94	188.72	362.25	107.48
STnc3340	0	1	1	0	3	3	0	3	3	5	1	2	1	1	0	5	0.00	1.17	7.21	0.00	6.04	3.50	0.00	4.15	5.06	3.87	1.12	2.16	3.32	1.06	0.00	5.48
Molybdenum	1	15	3	7	3	35	16	12	8	17	14	15	9	21	13	11	3.51	17.52	21.64	8.41	6.04	40.82	19.30	16.61	13.50	13.17	15.74	16.22	29.87	22.26	13.65	12.06
STnc980	0	4	0	10	4	7	44	3	13	20	8	6	0	18	9	11	0.00	4.67	0.00	12.01	8.05	8.16	53.08	4.15	21.93	15.49	8.99	6.49	0.00	19.08	9.45	12.06
STnc1200	1	8	4	5	2	2	4	4	0	3	3	6	0	6	1	3	3.51	9.35	28.85	6.01	4.02	2.33	4.83	5.54	0.00	2.32	3.37	6.49	0.00	6.36	1.05	3.29
STnc1710	3	23	1	23	22	9	6	23	19	28	10	11	10	11	10	8	10.53	26.87	7.21	27.63	44.27	10.50	7.24	31.84	32.06	21.69	11.24	11.89	33.19	11.66	10.50	8.77
RybB	3	77	0	166	141	21	65	122	89	178	19	47	16	57	23	28	10.53	89.96	0.00	199.41	283.76	24.49	78.42	168.87	150.16	137.90	21.36	50.82	53.10	60.43	24.15	30.71
STnc490	0	6	0	7	5	2	5	8	1	7	2	9	1	0	6	5	0.00	7.01	0.00	8.41	10.06	2.33	6.03	11.07	1.69	5.42	2.25	9.73	3.32	0.00	6.30	5.48
STnc130	11	29	0	25	26	32	45	27	35	56	29	30	19	40	34	34	38.63	33.88	0.00	30.03	52.32	37.32	54.29	37.37	59.05	43.38	32.61	32.44	63.06	42.41	35.70	37.29
STnc3310	2	11	1	14	9	7	14	6	6	34	11	22	8	14	5	12	7.02	12.85	7.21	16.82	18.11	8.16	16.89	8.31	10.12	26.34	12.37	23.79	26.55	14.84	5.25	13.16
STnc3330	10	38	3	42	21	32	31	39	29	42	33	52	22	42	26	34	35.11	44.40	21.64	50.45	42.26	37.32	37.40	53.98	48.93	32.54	37.10	56.22	73.02	44.53	27.30	37.29
STnc3350	5	11	0	14	10	21	25	10	9	22	12	9	2	27	17	20	17.56	12.85	0.00	16.82	20.12	24.49	30.16	13.84	15.18	17.04	13.49	9.73	6.64	28.63	17.85	21.93
STnc4200	5	31	4	26	18	11	17	28	17	31	17	32	10	34	8	7	17.56	36.22	28.85	31.23	36.22	12.83	20.51	38.76	28.68	24.02	19.11	34.60	33.19	36.05	8.40	7.68
isrB	1	14	5	20	15	5	9	16	5	10	14	24	4	36	14	3	3.51	16.36	36.07	24.02	30.19	5.83	10.86	22.15	8.44	7.75	15.74	25.95	13.28	38.17	14.70	3.29
STnc1080	2	26	2	11	21	10	4	27	6	23	15	23	6	45	14	9	7.02	30.38	14.43	13.21	42.26	11.66	4.83	37.37	10.12	17.82	16.87	24.87	19.91	47.71	14.70	9.87
isrG	0	0	0	0	0	0	0	0	1	1	0	1	0	0	0	0	0.00	0.00	0.00	0.00	0.00	0.00	0.00	0.00	1.69	0.77	0.00	1.08	0.00	0.00	0.00	0.00
PyrD_leader	0	4	0	2	1	9	3	1	2	3	2	1	1	6	7	2	0.00	4.67	0.00	2.40	2.01	10.50	3.62	1.38	3.37	2.32	2.25	1.08	3.32	6.36	7.35	2.19
STnc3390	0	5	0	4	1	5	2	0	5	10	2	3	1	12	1	4	0.00	5.84	0.00	4.80	2.01	5.83	2.41	0.00	8.44	7.75	2.25	3.24	3.32	12.72	1.05	4.39
isrI	0	0	0	0	0	1	0	0	1	0	0	0	0	0	0	2	0.00	0.00	0.00	0.00	0.00	1.17	0.00	0.00	1.69	0.00	0.00	0.00	0.00	0.00	0.00	2.19
STnc1880	1	4	0	2	1	3	3	3	4	5	1	4	0	4	5	1	3.51	4.67	0.00	2.40	2.01	3.50	3.62	4.15	6.75	3.87	1.12	4.32	0.00	4.24	5.25	1.10
STnc3400	2	9	1	18	6	5	19	11	5	9	12	11	4	10	2	17	7.02	10.51	7.21	21.62	12.07	5.83	22.92	15.23	8.44	6.97	13.49	11.89	13.28	10.60	2.10	18.64
Ysr251	0	10	0	0	3	5	3	5	4	11	3	4	1	6	3	7	0.00	11.68	0.00	0.00	6.04	5.83	3.62	6.92	6.75	8.52	3.37	4.32	3.32	6.36	3.15	7.68
STnc500	1	4	0	5	1	5	5	2	1	3	9	5	0	2	2	6	3.51	4.67	0.00	6.01	2.01	5.83	6.03	2.77	1.69	2.32	10.12	5.41	0.00	2.12	2.10	6.58
ES056	0	0	0	0	0	0	0	1	0	1	0	0	0	0	1	0	0.00	0.00	0.00	0.00	0.00	0.00	0.00	1.38	0.00	0.77	0.00	0.00	0.00	0.00	1.05	0.00
STnc3040	1	1	0	2	2	5	3	5	3	3	1	11	3	7	5	5	3.51	1.17	0.00	2.40	4.02	5.83	3.62	6.92	5.06	2.32	1.12	11.89	9.96	7.42	5.25	5.48
PyrC_leader	1	6	0	6	5	9	7	6	10	15	9	10	4	21	6	11	3.51	7.01	0.00	7.21	10.06	10.50	8.45	8.31	16.87	11.62	10.12	10.81	13.28	22.26	6.30	12.06
STnc840	3	23	2	20	11	43	28	5	11	48	3	3	0	3	29	69	10.53	26.87	14.43	24.02	22.14	50.15	33.78	6.92	18.56	37.19	3.37	3.24	0.00	3.18	30.45	75.68
rne5	11	23	1	32	14	23	27	18	21	103	31	32	10	43	24	32	38.63	26.87	7.21	38.44	28.17	26.82	32.57	24.92	35.43	79.80	34.85	34.60	33.19	45.59	25.20	35.10
SraB	21	54	5	50	28	21	45	37	22	63	52	70	20	52	24	47	73.74	63.09	36.07	60.06	56.35	24.49	54.29	51.22	37.12	48.81	58.47	75.69	66.38	55.13	25.20	51.55
STnc1090	3	9	1	11	8	4	26	7	5	17	28	33	6	25	8	10	10.53	10.51	7.21	13.21	16.10	4.66	31.37	9.69	8.44	13.17	31.48	35.68	19.91	26.51	8.40	10.97
STnc850	2	9	1	14	9	6	26	8	6	19	31	32	6	29	9	14	7.02	10.51	7.21	16.82	18.11	7.00	31.37	11.07	10.12	14.72	34.85	34.60	19.91	30.75	9.45	15.35
STnc3410	1	1	0	3	3	3	4	1	9	16	6	1	0	5	5	7	3.51	1.17	0.00	3.60	6.04	3.50	4.83	1.38	15.18	12.40	6.75	1.08	0.00	5.30	5.25	7.68
STnc150	10	32	0	24	16	17	16	16	27	32	3	10	3	16	17	19	35.11	37.39	0.00	28.83	32.20	19.82	19.30	22.15	45.55	24.79	3.37	10.81	9.96	16.96	17.85	20.84
isrC	2	1	2	7	4	5	4	3	1	2	5	13	2	3	5	1	7.02	1.17	14.43	8.41	8.05	5.83	4.83	4.15	1.69	1.55	5.62	14.06	6.64	3.18	5.25	1.10
STnc510	1	1	0	3	2	3	2	5	5	6	0	0	0	1	3	11	3.51	1.17	0.00	3.60	4.02	3.50	2.41	6.92	8.44	4.65	0.00	0.00	0.00	1.06	3.15	12.06
STnc3420	4	1	0	6	3	2	5	5	10	9	0	1	1	1	3	12	14.05	1.17	0.00	7.21	6.04	2.33	6.03	6.92	16.87	6.97	0.00	1.08	3.32	1.06	3.15	13.16
STnc100	3	10	2	9	2	15	3	3	8	7	1	0	0	2	17	23	10.53	11.68	14.43	10.81	4.02	17.49	3.62	4.15	13.50	5.42	1.12	0.00	0.00	2.12	17.85	25.23
STnc520	6	14	4	16	10	11	8	1	6	8	5	4	1	3	21	21	21.07	16.36	28.85	19.22	20.12	12.83	9.65	1.38	10.12	6.20	5.62	4.32	3.32	3.18	22.05	23.03
FourU	1	8	1	12	5	3	2	2	3	5	10	19	0	2	3	4	3.51	9.35	7.21	14.41	10.06	3.50	2.41	2.77	5.06	3.87	11.24	20.54	0.00	2.12	3.15	4.39
STnc1760	2	20	1	21	12	5	7	5	7	10	10	21	2	8	3	11	7.02	23.37	7.21	25.23	24.15	5.83	8.45	6.92	11.81	7.75	11.24	22.71	6.64	8.48	3.15	12.06
STnc1210	0	1	0	0	0	0	0	1	1	2	0	1	1	1	3	1	0.00	1.17	0.00	0.00	0.00	0.00	0.00	1.38	1.69	1.55	0.00	1.08	3.32	1.06	3.15	1.10
STnc1990	0	4	1	6	2	9	17	4	3	6	16	20	10	30	3	7	0.00	4.67	7.21	7.21	4.02	10.50	20.51	5.54	5.06	4.65	17.99	21.62	33.19	31.81	3.15	7.68
STnc3430	0	3	0	6	2	9	18	4	3	6	17	23	10	30	3	6	0.00	3.50	0.00	7.21	4.02	10.50	21.72	5.54	5.06	4.65	19.11	24.87	33.19	31.81	3.15	6.58
isrD	0	0	0	0	0	2	2	0	0	1	1	0	1	1	1	1	0.00	0.00	0.00	0.00	0.00	2.33	2.41	0.00	0.00	0.77	1.12	0.00	3.32	1.06	1.05	1.10
STnc3440	0	0	0	1	0	1	1	1	2	2	0	1	0	0	0	0	0.00	0.00	0.00	1.20	0.00	1.17	1.21	1.38	3.37	1.55	0.00	1.08	0.00	0.00	0.00	0.00
RyhB	0	5	0	1	2	0	6	3	8	2	2	6	0	2	2	2	0.00	5.84	0.00	1.20	4.02	0.00	7.24	4.15	13.50	1.55	2.25	6.49	0.00	2.12	2.10	2.19
STnc1480	1	5	0	7	6	3	8	5	5	10	8	6	2	6	5	12	3.51	5.84	0.00	8.41	12.07	3.50	9.65	6.92	8.44	7.75	8.99	6.49	6.64	6.36	5.25	13.16
STnc1640	0	5	0	5	8	4	48	9	6	8	9	11	3	5	3	3	0.00	5.84	0.00	6.01	16.10	4.66	57.91	12.46	10.12	6.20	10.12	11.89	9.96	5.30	3.15	3.29
STnc2010	1	2	0	1	0	2	0	0	0	0	0	1	0	1	0	3	3.51	2.34	0.00	1.20	0.00	2.33	0.00	0.00	0.00	0.00	0.00	1.08	0.00	1.06	0.00	3.29
STnc3570	2	5	0	8	10	9	7	2	10	13	12	18	5	18	6	5	7.02	5.84	0.00	9.61	20.12	10.50	8.45	2.77	16.87	10.07	13.49	19.46	16.59	19.08	6.30	5.48
STnc3460	1	11	2	13	6	11	16	15	9	17	14	22	8	22	12	21	3.51	12.85	14.43	15.62	12.07	12.83	19.30	20.76	15.18	13.17	15.74	23.79	26.55	23.32	12.60	23.03
STnc4210	1	12	1	13	6	11	15	14	9	17	14	22	8	22	11	21	3.51	14.02	7.21	15.62	12.07	12.83	18.10	19.38	15.18	13.17	15.74	23.79	26.55	23.32	11.55	23.03
Phe_leader	3	16	2	26	8	13	11	5	14	22	22	28	10	37	16	16	10.53	18.69	14.43	31.23	16.10	15.16	13.27	6.92	23.62	17.04	24.74	30.27	33.19	39.23	16.80	17.55
STnc540	21	90	15	76	48	55	84	67	60	114	62	99	30	71	53	71	73.74	105.15	108.20	91.29	96.60	64.14	101.34	92.74	101.23	88.32	69.71	107.04	99.57	75.28	55.65	77.87
RprA	0	15	1	83	60	10	137	12	13	103	75	113	24	121	92	10	0.00	17.52	7.21	99.70	120.75	11.66	165.28	16.61	21.93	79.80	84.33	122.18	79.65	128.29	96.60	10.97
rydB	1	3	0	9	3	5	7	3	3	10	8	13	7	11	4	13	3.51	3.50	0.00	10.81	6.04	5.83	8.45	4.15	5.06	7.75	8.99	14.06	23.23	11.66	4.20	14.26
STnc1220	0	1	0	0	0	0	0	0	2	2	0	0	0	0	0	2	0.00	1.17	0.00	0.00	0.00	0.00	0.00	0.00	3.37	1.55	0.00	0.00	0.00	0.00	0.00	2.19
STnc4220	0	8	1	7	1	7	8	2	4	8	6	14	3	12	9	5	0.00	9.35	7.21	8.41	2.01	8.16	9.65	2.77	6.75	6.20	6.75	15.14	9.96	12.72	9.45	5.48
STnc550	17	71	10	21	17	33	39	52	33	32	36	84	26	53	25	55	59.70	82.95	72.13	25.23	34.21	38.48	47.05	71.98	55.68	24.79	40.48	90.82	86.29	56.19	26.25	60.32
STnc3500	0	5	0	4	3	2	5	3	3	7	2	0	1	3	1	2	0.00	5.84	0.00	4.80	6.04	2.33	6.03	4.15	5.06	5.42	2.25	0.00	3.32	3.18	1.05	2.19
STnc3510	0	0	0	1	0	0	0	0	0	0	78	72	36	133	3	0	0.00	0.00	0.00	1.20	0.00	0.00	0.00	0.00	0.00	0.00	87.70	77.85	119.48	141.01	3.15	0.00
STnc3480	1	0	0	5	1	1	3	2	3	7	1	4	3	1	25	1	3.51	0.00	0.00	6.01	2.01	1.17	3.62	2.77	5.06	5.42	1.12	4.32	9.96	1.06	26.25	1.10
opuB	0	0	0	0	0	0	1	0	2	0	0	0	0	0	0	0	0.00	0.00	0.00	0.00	0.00	0.00	1.21	0.00	3.37	0.00	0.00	0.00	0.00	0.00	0.00	0.00
STnc560	12	254	6	249	270	117	323	213	210	645	255	475	176	810	598	180	42.14	296.76	43.28	299.11	543.37	136.44	389.68	294.83	354.30	499.70	286.71	513.59	584.12	858.78	627.90	197.41
STnc2170	0	1	0	2	0	3	1	1	4	12	2	3	1	6	0	1	0.00	1.17	0.00	2.40	0.00	3.50	1.21	1.38	6.75	9.30	2.25	3.24	3.32	6.36	0.00	1.10
STnc170	1	0	0	0	1	0	0	0	0	0	0	0	0	1	0	1	3.51	0.00	0.00	0.00	2.01	0.00	0.00	0.00	0.00	0.00	0.00	0.00	0.00	1.06	0.00	1.10
STnc3530	0	0	0	0	1	0	4	2	2	2	2	2	2	1	2	3	0.00	0.00	0.00	0.00	2.01	0.00	4.83	2.77	3.37	1.55	2.25	2.16	6.64	1.06	2.10	3.29
isrF	0	1	0	1	1	6	1	0	1	2	1	3	2	2	8	3	0.00	1.17	0.00	1.20	2.01	7.00	1.21	0.00	1.69	1.55	1.12	3.24	6.64	2.12	8.40	3.29
STnc3540	7	31	6	22	14	12	30	8	11	11	20	33	4	22	4	24	24.58	36.22	43.28	26.43	28.17	13.99	36.19	11.07	18.56	8.52	22.49	35.68	13.28	23.32	4.20	26.32
SECIS_3	0	0	0	0	0	6	4	0	1	0	2	1	0	1	4	0	0.00	0.00	0.00	0.00	0.00	7.00	4.83	0.00	1.69	0.00	2.25	1.08	0.00	1.06	4.20	0.00
STnc1110	13	67	13	33	26	15	30	43	21	44	28	58	8	32	19	31	45.65	78.28	93.77	39.64	52.32	17.49	36.19	59.52	35.43	34.09	31.48	62.71	26.55	33.93	19.95	34.00
RydC	0	3	0	4	1	6	1	2	2	5	2	4	1	6	9	8	0.00	3.50	0.00	4.80	2.01	7.00	1.21	2.77	3.37	3.87	2.25	4.32	3.32	6.36	9.45	8.77
MicC	0	4	0	3	2	3	6	1	2	3	97	135	24	105	1	1	0.00	4.67	0.00	3.60	4.02	3.50	7.24	1.38	3.37	2.32	109.06	145.97	79.65	111.32	1.05	1.10
frnS	8	427	15	494	536	31	262	218	179	965	726	1278	205	738	296	132	28.09	498.88	108.20	593.41	1078.68	36.15	316.09	301.76	302.00	747.61	816.28	1381.83	680.37	782.44	310.80	144.77
SL1621	0	3	1	1	4	4	3	2	1	10	2	6	1	1	1	3	0.00	3.50	7.21	1.20	8.05	4.66	3.62	2.77	1.69	7.75	2.25	6.49	3.32	1.06	1.05	3.29
STnc180	1	4	1	4	1	4	3	0	8	3	4	5	2	5	1	9	3.51	4.67	7.21	4.80	2.01	4.66	3.62	0.00	13.50	2.32	4.50	5.41	6.64	5.30	1.05	9.87
Trp_leader	0	8	1	1	2	0	1	4	1	5	7	2	2	0	0	0	0.00	9.35	7.21	1.20	4.02	0.00	1.21	5.54	1.69	3.87	7.87	2.16	6.64	0.00	0.00	0.00
STnc2030	28	35	1	100	59	66	77	10	25	38	29	31	12	67	71	124	98.32	40.89	7.21	120.12	118.74	76.97	92.90	13.84	42.18	29.44	32.61	33.52	39.83	71.03	74.55	136.00
STnc1270	47	209	25	192	105	17	113	109	49	187	142	270	31	150	26	87	165.04	244.18	180.33	230.64	211.31	19.82	136.33	150.88	82.67	144.87	159.66	291.94	102.89	159.03	27.30	95.42
STnc3580	0	2	0	2	1	2	1	1	2	6	2	0	1	4	0	9	0.00	2.34	0.00	2.40	2.01	2.33	1.21	1.38	3.37	4.65	2.25	0.00	3.32	4.24	0.00	9.87
STnc3600	0	1	0	0	0	5	0	0	1	2	1	0	0	0	21	1	0.00	1.17	0.00	0.00	0.00	5.83	0.00	0.00	1.69	1.55	1.12	0.00	0.00	0.00	22.05	1.10
STnc2040	0	0	0	0	0	14	0	0	0	0	0	0	0	1	16	0	0.00	0.00	0.00	0.00	0.00	16.33	0.00	0.00	0.00	0.00	0.00	0.00	0.00	1.06	16.80	0.00
STnc3610	3	19	0	22	13	7	10	6	11	47	1	4	1	5	5	17	10.53	22.20	0.00	26.43	26.16	8.16	12.06	8.31	18.56	36.41	1.12	4.32	3.32	5.30	5.25	18.64
STnc3620	0	0	0	0	1	1	2	2	2	4	0	1	0	0	1	0	0.00	0.00	0.00	0.00	2.01	1.17	2.41	2.77	3.37	3.10	0.00	1.08	0.00	0.00	1.05	0.00
sroD	3	14	1	13	11	6	13	8	6	18	9	9	2	8	7	9	10.53	16.36	7.21	15.62	22.14	7.00	15.68	11.07	10.12	13.95	10.12	9.73	6.64	8.48	7.35	9.87
STnc3630	23	62	8	36	22	33	37	44	23	36	39	45	10	32	33	32	80.76	72.44	57.71	43.24	44.27	38.48	44.64	60.90	38.80	27.89	43.85	48.66	33.19	33.93	34.65	35.10
STnc1130	0	0	0	6	0	4	5	0	1	3	2	2	0	2	1	5	0.00	0.00	0.00	7.21	0.00	4.66	6.03	0.00	1.69	2.32	2.25	2.16	0.00	2.12	1.05	5.48
STnc3640	0	2	0	0	0	1	0	1	0	0	1	1	0	1	2	1	0.00	2.34	0.00	0.00	0.00	1.17	0.00	1.38	0.00	0.00	1.12	1.08	0.00	1.06	2.10	1.10
SraC_RyeA	15	114	8	143	95	26	102	32	23	47	28	73	18	64	83	48	52.67	133.19	57.71	171.78	191.18	30.32	123.06	44.29	38.80	36.41	31.48	78.93	59.74	67.85	87.15	52.64
SdsR_RyeB	15	110	8	126	90	26	92	31	23	45	28	71	16	62	81	43	52.67	128.52	57.71	151.36	181.12	30.32	110.99	42.91	38.80	34.86	31.48	76.77	53.10	65.73	85.05	47.16
STnc1690	2	6	2	7	4	5	16	6	13	36	4	4	0	5	3	4	7.02	7.01	14.43	8.41	8.05	5.83	19.30	8.31	21.93	27.89	4.50	4.32	0.00	5.30	3.15	4.39
STnc200	0	6	0	14	4	18	24	6	13	27	9	6	2	13	6	12	0.00	7.01	0.00	16.82	8.05	20.99	28.95	8.31	21.93	20.92	10.12	6.49	6.64	13.78	6.30	13.16
MicL	33	135	26	143	87	33	48	90	42	59	12	24	6	26	31	26	115.88	157.72	187.55	171.78	175.08	38.48	57.91	124.58	70.86	45.71	13.49	25.95	19.91	27.57	32.55	28.52
STnc210	1	4	0	11	8	17	6	7	9	20	5	1	3	7	18	15	3.51	4.67	0.00	13.21	16.10	19.82	7.24	9.69	15.18	15.49	5.62	1.08	9.96	7.42	18.90	16.45
STnc2180	12	85	3	79	52	113	112	35	61	83	102	136	68	187	162	54	42.14	99.31	21.64	94.90	104.65	131.78	135.12	48.45	102.92	64.30	114.68	147.05	225.68	198.26	170.10	59.22
DsrA	0	2	0	2	0	1	3	0	0	4	2	0	2	1	2	0	0.00	2.34	0.00	2.40	0.00	1.17	3.62	0.00	0.00	3.10	2.25	0.00	6.64	1.06	2.10	0.00
rseX	0	0	0	0	0	0	0	1	0	0	1	1	1	2	0	0	0.00	0.00	0.00	0.00	0.00	0.00	0.00	1.38	0.00	0.00	1.12	1.08	3.32	2.12	0.00	0.00
STnc220	170	466	23	425	250	206	44	577	867	1483	10	43	106	200	172	70	596.95	544.44	165.91	510.53	503.12	240.23	53.08	798.68	1462.77	1148.92	11.24	46.49	351.80	212.04	180.60	76.77
STnc1280	4	4	4	6	8	3	5	10	15	27	3	2	3	10	5	10	14.05	4.67	28.85	7.21	16.10	3.50	6.03	13.84	25.31	20.92	3.37	2.16	9.96	10.60	5.25	10.97
isrK	4	28	3	29	24	6	14	31	13	18	27	43	19	50	18	18	14.05	32.71	21.64	34.84	48.30	7.00	16.89	42.91	21.93	13.95	30.36	46.49	63.06	53.01	18.90	19.74
STnc1300	50	134	46	39	56	3	22	70	14	35	70	112	13	76	44	8	175.57	156.56	331.81	46.85	112.70	3.50	26.54	96.89	23.62	27.12	78.70	121.10	43.15	80.58	46.20	8.77
STnc1310	1	2	0	1	1	2	3	3	1	2	5	6	2	4	1	0	3.51	2.34	0.00	1.20	2.01	2.33	3.62	4.15	1.69	1.55	5.62	6.49	6.64	4.24	1.05	0.00
STnc2050	0	72	3	57	29	27	36	89	55	88	90	162	33	135	156	14	0.00	84.12	21.64	68.47	58.36	31.49	43.43	123.19	92.79	68.18	101.19	175.16	109.52	143.13	163.80	15.35
EFASI	0	1	0	0	0	1	0	0	1	0	0	0	0	0	2	0	0.00	1.17	0.00	0.00	0.00	1.17	0.00	0.00	1.69	0.00	0.00	0.00	0.00	0.00	2.10	0.00
STnc3680	1	17	1	1	8	5	5	17	2	8	6	18	4	19	4	7	3.51	19.86	7.21	1.20	16.10	5.83	6.03	23.53	3.37	6.20	6.75	19.46	13.28	20.14	4.20	7.68
STnc1530	1	2	0	1	1	0	1	0	0	2	2	0	1	2	4	2	3.51	2.34	0.00	1.20	2.01	0.00	1.21	0.00	0.00	1.55	2.25	0.00	3.32	2.12	4.20	2.19
Cobalamin	0	4	2	1	2	9	4	4	0	2	5	10	4	5	6	3	0.00	4.67	14.43	1.20	4.02	10.50	4.83	5.54	0.00	1.55	5.62	10.81	13.28	5.30	6.30	3.29
STnc230	1	1	0	2	1	3	0	0	0	0	1	3	1	2	0	5	3.51	1.17	0.00	2.40	2.01	3.50	0.00	0.00	0.00	0.00	1.12	3.24	3.32	2.12	0.00	5.48
STnc3700	2	0	0	3	0	4	5	1	4	3	2	4	0	4	5	1	7.02	0.00	0.00	3.60	0.00	4.66	6.03	1.38	6.75	2.32	2.25	4.32	0.00	4.24	5.25	1.10
STnc1650	1	2	0	7	2	4	3	5	5	4	1	8	3	7	4	3	3.51	2.34	0.00	8.41	4.02	4.66	3.62	6.92	8.44	3.10	1.12	8.65	9.96	7.42	4.20	3.29
STnc240	0	4	0	0	4	11	6	0	4	1	5	6	4	9	22	6	0.00	4.67	0.00	0.00	8.05	12.83	7.24	0.00	6.75	0.77	5.62	6.49	13.28	9.54	23.10	6.58
His_leader	10	93	0	65	48	13	29	42	14	56	44	66	18	70	28	37	35.11	108.65	0.00	78.08	96.60	15.16	34.99	58.14	23.62	43.38	49.47	71.36	59.74	74.22	29.40	40.58
STnc1320	1	5	1	7	0	6	4	3	2	13	4	3	3	7	6	10	3.51	5.84	7.21	8.41	0.00	7.00	4.83	4.15	3.37	10.07	4.50	3.24	9.96	7.42	6.30	10.97
JUMPstart	1	8	0	6	5	9	9	6	1	7	10	10	4	15	3	9	3.51	9.35	0.00	7.21	10.06	10.50	10.86	8.31	1.69	5.42	11.24	10.81	13.28	15.90	3.15	9.87
algC	0	0	0	0	0	0	0	0	0	0	0	0	0	0	0	0	0.00	0.00	0.00	0.00	0.00	0.00	0.00	0.00	0.00	0.00	0.00	0.00	0.00	0.00	0.00	0.00
SIB_RNA	25	435	23	384	306	32	105	288	150	359	275	301	77	238	166	165	87.79	508.22	165.91	461.28	615.82	37.32	126.68	398.65	253.07	278.13	309.20	325.45	255.55	252.33	174.30	180.96
STnc1150	0	2	0	2	6	3	3	5	4	5	7	1	0	6	3	7	0.00	2.34	0.00	2.40	12.07	3.50	3.62	6.92	6.75	3.87	7.87	1.08	0.00	6.36	3.15	7.68
CyaR_RyeE	0	3	0	4	2	19	9	5	5	7	8	8	2	19	57	8	0.00	3.50	0.00	4.80	4.02	22.16	10.86	6.92	8.44	5.42	8.99	8.65	6.64	20.14	59.85	8.77
STnc740	1	2	1	10	4	6	9	2	4	7	12	19	3	16	4	8	3.51	2.34	7.21	12.01	8.05	7.00	10.86	2.77	6.75	5.42	13.49	20.54	9.96	16.96	4.20	8.77
STnc1890	2	8	0	4	10	11	9	8	7	8	8	8	3	11	6	7	7.02	9.35	0.00	4.80	20.12	12.83	10.86	11.07	11.81	6.20	8.99	8.65	9.96	11.66	6.30	7.68
Peptidase-S11	4	10	1	6	3	10	7	5	4	9	10	22	10	19	4	6	14.05	11.68	7.21	7.21	6.04	11.66	8.45	6.92	6.75	6.97	11.24	23.79	33.19	20.14	4.20	6.58
STnc3720	0	1	0	3	0	0	0	1	0	2	0	5	2	1	0	1	0.00	1.17	0.00	3.60	0.00	0.00	0.00	1.38	0.00	1.55	0.00	5.41	6.64	1.06	0.00	1.10
STnc1330	0	7	0	3	3	1	3	1	2	1	3	2	1	5	1	2	0.00	8.18	0.00	3.60	6.04	1.17	3.62	1.38	3.37	0.77	3.37	2.16	3.32	5.30	1.05	2.19
STnc3010	1	16	1	7	6	19	10	11	11	9	13	8	5	12	13	14	3.51	18.69	7.21	8.41	12.07	22.16	12.06	15.23	18.56	6.97	14.62	8.65	16.59	12.72	13.65	15.35
STnc1340	1	3	0	14	12	13	6	2	4	5	4	2	2	5	7	3	3.51	3.50	0.00	16.82	24.15	15.16	7.24	2.77	6.75	3.87	4.50	2.16	6.64	5.30	7.35	3.29
STnc1540	0	0	1	1	1	3	1	1	3	4	3	4	1	5	1	2	0.00	0.00	7.21	1.20	2.01	3.50	1.21	1.38	5.06	3.10	3.37	4.32	3.32	5.30	1.05	2.19
L25-Gammaproteobacteria	49	145	12	76	45	128	118	68	42	111	120	182	46	121	117	77	172.06	169.41	86.56	91.29	90.56	149.27	142.36	94.13	70.86	85.99	134.92	196.79	152.67	128.29	122.85	84.45
MicF	0	4	0	24	21	5	17	6	13	30	65	83	22	154	19	17	0.00	4.67	0.00	28.83	42.26	5.83	20.51	8.31	21.93	23.24	73.08	89.74	73.02	163.27	19.95	18.64
isrH	2	7	0	24	16	35	22	9	15	33	21	12	9	17	30	29	7.02	8.18	0.00	28.83	32.20	40.82	26.54	12.46	25.31	25.57	23.61	12.97	29.87	18.02	31.50	31.81
AaHKsRNA22	9	15	2	28	16	9	14	8	11	34	8	12	3	10	13	14	31.60	17.52	14.43	33.63	32.20	10.50	16.89	11.07	18.56	26.34	8.99	12.97	9.96	10.60	13.65	15.35
STnc1550	8	11	5	18	15	5	9	13	17	22	9	9	5	15	4	10	28.09	12.85	36.07	21.62	30.19	5.83	10.86	17.99	28.68	17.04	10.12	9.73	16.59	15.90	4.20	10.97
STnc1560	7	35	4	40	31	37	53	21	28	50	57	44	25	66	35	52	24.58	40.89	28.85	48.05	62.39	43.15	63.94	29.07	47.24	38.74	64.09	47.57	82.97	69.97	36.75	57.03
STnc3730	7	34	4	42	31	39	53	21	28	50	56	44	25	67	36	53	24.58	39.72	28.85	50.45	62.39	45.48	63.94	29.07	47.24	38.74	62.96	47.57	82.97	71.03	37.80	58.13
STnc3740	0	5	0	4	2	0	4	2	3	9	2	2	1	6	1	0	0.00	5.84	0.00	4.80	4.02	0.00	4.83	2.77	5.06	6.97	2.25	2.16	3.32	6.36	1.05	0.00
STnc3750	3	13	0	7	4	12	3	15	2	15	4	7	3	3	13	4	10.53	15.19	0.00	8.41	8.05	13.99	3.62	20.76	3.37	11.62	4.50	7.57	9.96	3.18	13.65	4.39
tpke70	11	21	1	59	34	14	42	28	28	129	96	131	30	82	35	28	38.63	24.53	7.21	70.87	68.42	16.33	50.67	38.76	47.24	99.94	107.94	141.64	99.57	86.94	36.75	30.71
STnc3760	0	16	0	11	16	9	5	10	6	14	8	19	3	10	10	10	0.00	18.69	0.00	13.21	32.20	10.50	6.03	13.84	10.12	10.85	8.99	20.54	9.96	10.60	10.50	10.97
STnc250	4	3	0	12	6	28	4	6	13	17	5	34	2	14	32	12	14.05	3.50	0.00	14.41	12.07	32.65	4.83	8.31	21.93	13.17	5.62	36.76	6.64	14.84	33.60	13.16
sroE	5	23	2	27	15	18	18	23	23	56	31	34	14	46	10	24	17.56	26.87	14.43	32.43	30.19	20.99	21.72	31.84	38.80	43.38	34.85	36.76	46.46	48.77	10.50	26.32
STnc2070	32	125	18	102	65	12	35	80	29	79	138	223	40	176	36	22	112.37	146.04	129.84	122.53	130.81	13.99	42.23	110.74	48.93	61.20	155.16	241.12	132.76	186.60	37.80	24.13
ryfA	29	169	24	116	83	41	91	98	42	135	219	394	58	299	82	109	101.83	197.45	173.12	139.34	167.03	47.81	109.79	135.65	70.86	104.59	246.23	426.01	192.50	317.00	86.10	119.55
iscRS	4	25	4	18	8	15	18	19	30	54	19	16	3	21	20	26	14.05	29.21	28.85	21.62	16.10	17.49	21.72	26.30	50.61	41.84	21.36	17.30	9.96	22.26	21.00	28.52
GlmY_tke1	166	1352	67	347	363	80	283	1008	262	489	419	985	142	494	225	247	582.91	1579.59	483.29	416.83	730.53	93.29	341.42	1395.27	442.04	378.84	471.10	1065.03	471.28	523.75	236.25	270.90
rncO	2	11	0	15	5	15	14	13	18	27	10	18	5	21	10	14	7.02	12.85	0.00	18.02	10.06	17.49	16.89	17.99	30.37	20.92	11.24	19.46	16.59	22.26	10.50	15.35
STnc1380	0	3	0	0	0	3	1	0	1	3	3	2	3	1	0	1	0.00	3.50	0.00	0.00	0.00	3.50	1.21	0.00	1.69	2.32	3.37	2.16	9.96	1.06	0.00	1.10
STnc3770	0	8	0	1	0	0	0	5	1	2	1	2	0	2	1	2	0.00	9.35	0.00	1.20	0.00	0.00	0.00	6.92	1.69	1.55	1.12	2.16	0.00	2.12	1.05	2.19
STnc1920	0	2	0	2	2	2	3	1	2	5	5	2	3	5	1	2	0.00	2.34	0.00	2.40	4.02	2.33	3.62	1.38	3.37	3.87	5.62	2.16	9.96	5.30	1.05	2.19
STnc2080	2	13	0	7	4	10	10	2	2	18	5	13	2	6	7	1	7.02	15.19	0.00	8.41	8.05	11.66	12.06	2.77	3.37	13.95	5.62	14.06	6.64	6.36	7.35	1.10
isrJ	1	6	0	3	1	1	2	0	2	4	2	4	2	3	4	0	3.51	7.01	0.00	3.60	2.01	1.17	2.41	0.00	3.37	3.10	2.25	4.32	6.64	3.18	4.20	0.00
c4-a1b1	1	21	1	9	4	0	5	8	10	10	16	17	2	10	9	4	3.51	24.53	7.21	10.81	8.05	0.00	6.03	11.07	16.87	7.75	17.99	18.38	6.64	10.60	9.45	4.39
STnc1390	1	1	0	1	2	6	0	4	2	2	2	4	1	3	4	1	3.51	1.17	0.00	1.20	4.02	7.00	0.00	5.54	3.37	1.55	2.25	4.32	3.32	3.18	4.20	1.10
STnc1400	3	11	3	12	9	2	4	7	2	7	7	6	0	11	8	3	10.53	12.85	21.64	14.41	18.11	2.33	4.83	9.69	3.37	5.42	7.87	6.49	0.00	11.66	8.40	3.29
AsrC	4	6	0	31	21	13	12	17	12	21	12	6	6	17	17	9	14.05	7.01	0.00	37.24	42.26	15.16	14.48	23.53	20.25	16.27	13.49	6.49	19.91	18.02	17.85	9.87
Ysr155_RyfD	43	120	68	86	69	18	27	128	54	69	82	85	19	51	60	50	150.99	140.20	490.51	103.31	138.86	20.99	32.57	177.18	91.11	53.46	92.20	91.91	63.06	54.07	63.00	54.84
STnc3160	8	26	1	22	25	24	28	32	33	65	15	37	5	32	28	23	28.09	30.38	7.21	26.43	50.31	27.99	33.78	44.29	55.68	50.36	16.87	40.01	16.59	33.93	29.40	25.23
STnc2090	9	21	2	45	34	134	63	19	43	80	44	31	2	26	76	86	31.60	24.53	14.43	54.06	68.42	156.27	76.01	26.30	72.55	61.98	49.47	33.52	6.64	27.57	79.80	94.32
STnc3790	2	13	1	12	9	4	4	22	33	73	4	8	2	6	3	3	7.02	15.19	7.21	14.41	18.11	4.66	4.83	30.45	55.68	56.56	4.50	8.65	6.64	6.36	3.15	3.29
STnc3800	0	5	0	9	0	1	3	2	2	8	4	3	1	5	6	6	0.00	5.84	0.00	10.81	0.00	1.17	3.62	2.77	3.37	6.20	4.50	3.24	3.32	5.30	6.30	6.58
STnc4230	2	8	1	12	9	7	10	12	20	45	3	4	7	13	8	3	7.02	9.35	7.21	14.41	18.11	8.16	12.06	16.61	33.74	34.86	3.37	4.32	23.23	13.78	8.40	3.29
isrL	0	2	0	1	0	3	1	1	1	1	4	2	0	1	0	4	0.00	2.34	0.00	1.20	0.00	3.50	1.21	1.38	1.69	0.77	4.50	2.16	0.00	1.06	0.00	4.39
STnc3070	0	1	0	2	0	0	1	0	0	3	4	4	0	1	0	5	0.00	1.17	0.00	2.40	0.00	0.00	1.21	0.00	0.00	2.32	4.50	4.32	0.00	1.06	0.00	5.48
IsrM	0	0	0	0	1	1	0	0	0	0	0	1	2	0	1	2	0.00	0.00	0.00	0.00	2.01	1.17	0.00	0.00	0.00	0.00	0.00	1.08	6.64	0.00	1.05	2.19
isrN	0	0	0	0	0	1	0	0	1	0	0	0	0	0	0	1	0.00	0.00	0.00	0.00	0.00	1.17	0.00	0.00	1.69	0.00	0.00	0.00	0.00	0.00	0.00	1.10
STnc3080	0	0	0	0	0	0	0	0	0	0	0	0	0	1	0	0	0.00	0.00	0.00	0.00	0.00	0.00	0.00	0.00	0.00	0.00	0.00	0.00	0.00	1.06	0.00	0.00
STnc260	1	15	0	11	7	17	22	6	13	46	12	16	4	19	6	15	3.51	17.52	0.00	13.21	14.09	19.82	26.54	8.31	21.93	35.64	13.49	17.30	13.28	20.14	6.30	16.45
MicA	10	104	4	116	117	31	40	88	56	142	17	34	14	59	42	28	35.11	121.51	28.85	139.34	235.46	36.15	48.26	121.81	94.48	110.01	19.11	36.76	46.46	62.55	44.10	30.71
STnc590	1	4	1	8	1	7	3	4	7	15	0	1	0	1	3	37	3.51	4.67	7.21	9.61	2.01	8.16	3.62	5.54	11.81	11.62	0.00	1.08	0.00	1.06	3.15	40.58
STnc4240	6	32	1	35	20	29	14	19	22	30	2	2	0	3	35	100	21.07	37.39	7.21	42.04	40.25	33.82	16.89	26.30	37.12	23.24	2.25	2.16	0.00	3.18	36.75	109.67
STnc3020	6	19	0	18	13	26	7	6	11	13	0	1	0	0	26	137	21.07	22.20	0.00	21.62	26.16	30.32	8.45	8.31	18.56	10.07	0.00	1.08	0.00	0.00	27.30	150.25
hilD_3p_UTR	3	10	0	13	6	28	2	2	9	19	1	0	0	1	8	47	10.53	11.68	0.00	15.62	12.07	32.65	2.41	2.77	15.18	14.72	1.12	0.00	0.00	1.06	8.40	51.55
STnc1410	1	3	0	10	1	9	0	2	6	4	0	0	1	1	4	26	3.51	3.50	0.00	12.01	2.01	10.50	0.00	2.77	10.12	3.10	0.00	0.00	3.32	1.06	4.20	28.52
InvR	1	64	2	70	68	28	13	23	32	86	4	3	4	4	150	229	3.51	74.77	14.43	84.09	136.85	32.65	15.68	31.84	53.99	66.63	4.50	3.24	13.28	4.24	157.50	251.15
SL2908	2	6	1	6	2	7	7	3	4	12	4	7	4	15	7	10	7.02	7.01	7.21	7.21	4.02	8.16	8.45	4.15	6.75	9.30	4.50	7.57	13.28	15.90	7.35	10.97
STnc3140	0	7	0	4	2	5	4	3	1	4	1	1	1	11	1	9	0.00	8.18	0.00	4.80	4.02	5.83	4.83	4.15	1.69	3.10	1.12	1.08	3.32	11.66	1.05	9.87
CsrB	293	1036	53	603	395	700	990	414	399	819	964	1222	247	896	735	1151	1028.86	1210.39	382.31	724.35	794.93	816.32	1194.37	573.06	673.18	634.50	1083.87	1321.28	819.76	949.95	771.75	1262.35
GcvB	49	157	14	365	202	609	440	121	394	426	1087	503	224	1050	664	771	172.06	183.43	100.99	438.45	406.52	710.20	530.83	167.49	664.74	330.03	1222.17	543.87	743.43	1113.23	697.20	845.59
STnc3830	3	15	0	21	14	4	9	7	6	20	8	17	3	13	3	17	10.53	17.52	0.00	25.23	28.17	4.66	10.86	9.69	10.12	15.49	8.99	18.38	9.96	13.78	3.15	18.64
OmrA-B	2	6	0	12	9	2	9	1	11	20	9	17	4	14	2	4	7.02	7.01	0.00	14.41	18.11	2.33	10.86	1.38	18.56	15.49	10.12	18.38	13.28	14.84	2.10	4.39
STnc280	0	0	0	1	0	0	0	6	1	2	0	0	0	0	1	0	0.00	0.00	0.00	1.20	0.00	0.00	0.00	8.31	1.69	1.55	0.00	0.00	0.00	0.00	1.05	0.00
STnc290	4	21	3	23	8	7	6	19	29	37	4	13	6	17	6	6	14.05	24.53	21.64	27.63	16.10	8.16	7.24	26.30	48.93	28.66	4.50	14.06	19.91	18.02	6.30	6.58
isrO	0	11	1	1	4	10	6	6	8	11	8	16	3	14	3	14	0.00	12.85	7.21	1.20	8.05	11.66	7.24	8.31	13.50	8.52	8.99	17.30	9.96	14.84	3.15	15.35
SsrS	2315	11967	2000	5094	5274	435	1212	6023	2217	5452	4658	7683	972	4174	6317	1941	8129.08	13981.43	14426.68	6119.12	10613.76	507.28	1462.20	8337.04	3740.43	4223.82	5237.22	8307.20	3225.96	4425.35	6632.81	2128.78
STnc3030	10	61	1	62	52	93	91	35	43	164	86	57	25	93	122	88	35.11	71.27	7.21	74.48	104.65	108.45	109.79	48.45	72.55	127.06	96.69	61.63	82.97	98.60	128.10	96.51
STnc750	1	3	0	9	6	7	4	5	1	8	13	11	6	6	4	6	3.51	3.50	0.00	10.81	12.07	8.16	4.83	6.92	1.69	6.20	14.62	11.89	19.91	6.36	4.20	6.58
STnc3150	12	19	1	93	46	31	68	12	22	42	119	86	13	77	13	99	42.14	22.20	7.21	111.72	92.57	36.15	82.04	16.61	37.12	32.54	133.80	92.99	43.15	81.64	13.65	108.58
STnc3850	0	1	0	1	0	7	3	2	1	2	2	1	1	2	0	7	0.00	1.17	0.00	1.20	0.00	8.16	3.62	2.77	1.69	1.55	2.25	1.08	3.32	2.12	0.00	7.68
STnc3860	2	8	0	8	13	8	11	4	8	20	12	7	4	10	2	9	7.02	9.35	0.00	9.61	26.16	9.33	13.27	5.54	13.50	15.49	13.49	7.57	13.28	10.60	2.10	9.87
STnc3870	3	22	1	13	7	56	12	34	36	25	15	21	20	43	109	10	10.53	25.70	7.21	15.62	14.09	65.31	14.48	47.06	60.74	19.37	16.87	22.71	66.38	45.59	114.45	10.97
STnc300	0	0	0	0	0	0	0	0	0	0	1	0	0	0	0	0	0.00	0.00	0.00	0.00	0.00	0.00	0.00	0.00	0.00	0.00	1.12	0.00	0.00	0.00	0.00	0.00
STnc3880	0	0	1	0	0	1	2	0	1	0	0	0	0	0	0	0	0.00	0.00	7.21	0.00	0.00	1.17	2.41	0.00	1.69	0.00	0.00	0.00	0.00	0.00	0.00	0.00
STnc1170	0	2	1	2	0	1	1	0	0	0	0	2	1	1	2	0	0.00	2.34	7.21	2.40	0.00	1.17	1.21	0.00	0.00	0.00	0.00	2.16	3.32	1.06	2.10	0.00
STnc3890	2	2	1	21	9	7	21	4	6	11	16	21	3	10	4	10	7.02	2.34	7.21	25.23	18.11	8.16	25.34	5.54	10.12	8.52	17.99	22.71	9.96	10.60	4.20	10.97
STnc1820	4	42	3	23	15	21	10	57	17	32	33	54	7	41	20	13	14.05	49.07	21.64	27.63	30.19	24.49	12.06	78.90	28.68	24.79	37.10	58.39	23.23	43.47	21.00	14.26
STnc3920	0	1	0	0	0	7	1	1	2	5	1	2	2	3	4	2	0.00	1.17	0.00	0.00	0.00	8.16	1.21	1.38	3.37	3.87	1.12	2.16	6.64	3.18	4.20	2.19
FMN	266	960	70	829	562	87	139	711	302	1140	312	591	175	436	231	191	934.05	1121.60	504.93	995.83	1131.01	101.46	167.69	984.17	509.52	883.19	350.80	639.02	580.80	462.25	242.55	209.48
STnc310	1	3	1	0	0	2	0	1	0	4	1	0	1	0	2	1	3.51	3.50	7.21	0.00	0.00	2.33	0.00	1.38	0.00	3.10	1.12	0.00	3.32	0.00	2.10	1.10
STnc320	2	7	3	10	6	2	0	2	2	2	2	3	0	3	4	3	7.02	8.18	21.64	12.01	12.07	2.33	0.00	2.77	3.37	1.55	2.25	3.24	0.00	3.18	4.20	3.29
SraG	47	328	38	257	143	222	197	291	193	492	185	339	105	295	219	169	165.04	383.21	274.11	308.72	287.78	258.89	237.67	402.80	325.62	381.17	208.00	366.54	348.48	312.76	229.95	185.35
S15	46	302	37	214	138	200	154	269	169	450	173	333	94	276	201	151	161.53	352.84	266.89	257.07	277.72	233.23	185.79	372.35	285.13	348.63	194.51	360.05	311.98	292.62	211.05	165.61
rimP	31	98	4	156	74	65	64	76	51	228	45	97	58	115	45	56	108.86	114.50	28.85	187.39	148.92	75.80	77.21	105.20	86.05	176.64	50.60	104.88	192.50	121.92	47.25	61.42
STnc3950	1	16	0	7	8	3	3	7	13	29	6	3	1	9	4	4	3.51	18.69	0.00	8.41	16.10	3.50	3.62	9.69	21.93	22.47	6.75	3.24	3.32	9.54	4.20	4.39
STnc1660	32	183	12	155	86	46	70	91	44	124	97	189	48	126	51	39	112.37	213.80	86.56	186.19	173.07	53.64	84.45	125.96	74.24	96.07	109.06	204.36	159.31	133.59	53.55	42.77
greA	10	24	1	41	33	25	14	26	16	56	25	26	13	39	20	20	35.11	28.04	7.21	49.25	66.41	29.15	16.89	35.99	26.99	43.38	28.11	28.11	43.15	41.35	21.00	21.93
STnc3960	3	21	1	28	22	22	17	24	18	63	4	12	3	23	16	12	10.53	24.53	7.21	33.63	44.27	25.66	20.51	33.22	30.37	48.81	4.50	12.97	9.96	24.38	16.80	13.16
STnc3970	3	13	1	17	8	21	13	4	12	25	7	6	6	16	10	13	10.53	15.19	7.21	20.42	16.10	24.49	15.68	5.54	20.25	19.37	7.87	6.49	19.91	16.96	10.50	14.26
ArcZ	4	16	4	8	7	14	11	21	10	13	7	8	2	6	18	8	14.05	18.69	28.85	9.61	14.09	16.33	13.27	29.07	16.87	10.07	7.87	8.65	6.64	6.36	18.90	8.77
STnc3060	69	513	33	107	97	225	137	319	61	151	155	344	60	179	210	95	242.29	599.35	238.04	128.53	195.21	262.39	165.28	441.56	102.92	116.98	174.27	371.95	199.13	189.78	220.50	104.19
STnc3050	0	1	0	0	1	0	0	1	1	0	0	0	0	2	1	0	0.00	1.17	0.00	0.00	2.01	0.00	0.00	1.38	1.69	0.00	0.00	0.00	0.00	2.12	1.05	0.00
STnc2100	4	6	1	17	6	15	12	21	50	132	15	8	4	9	15	2	14.05	7.01	7.21	20.42	12.07	17.49	14.48	29.07	84.36	102.26	16.87	8.65	13.28	9.54	15.75	2.19
STnc3990	2	7	0	11	7	2	14	2	4	10	32	65	5	18	9	4	7.02	8.18	0.00	13.21	14.09	2.33	16.89	2.77	6.75	7.75	35.98	70.28	16.59	19.08	9.45	4.39
STnc1670	2	1	0	2	2	3	0	6	4	11	0	3	1	4	2	3	7.02	1.17	0.00	2.40	4.02	3.50	0.00	8.31	6.75	8.52	0.00	3.24	3.32	4.24	2.10	3.29
Alpha_RBS	47	226	18	202	141	227	169	166	173	499	177	144	77	231	211	143	165.04	264.04	129.84	242.65	283.76	264.72	203.89	229.78	291.88	386.59	199.01	155.70	255.55	244.91	221.55	156.83
STnc4000	81	315	36	159	189	179	237	236	110	318	317	420	105	330	177	130	284.43	368.02	259.68	191.00	380.36	208.74	285.93	326.67	185.59	246.36	356.42	454.12	348.48	349.87	185.85	142.58
STnc1590	7	39	2	24	18	22	26	45	20	49	43	57	9	48	18	26	24.58	45.56	14.43	28.83	36.22	25.66	31.37	62.29	33.74	37.96	48.35	61.63	29.87	50.89	18.90	28.52
STnc340	0	1	0	2	2	3	2	1	5	4	3	2	0	0	1	6	0.00	1.17	0.00	2.40	4.02	3.50	2.41	1.38	8.44	3.10	3.37	2.16	0.00	0.00	1.05	6.58
STnc760	2	2	1	2	0	7	7	4	3	6	7	8	2	4	6	3	7.02	2.34	7.21	2.40	0.00	8.16	8.45	5.54	5.06	4.65	7.87	8.65	6.64	4.24	6.30	3.29
YrlA	0	0	0	0	0	0	2	0	1	2	2	1	0	2	0	0	0.00	0.00	0.00	0.00	0.00	0.00	2.41	0.00	1.69	1.55	2.25	1.08	0.00	2.12	0.00	0.00
YrlB	0	0	0	0	0	0	2	0	1	2	3	5	0	3	2	0	0.00	0.00	0.00	0.00	0.00	0.00	2.41	0.00	1.69	1.55	3.37	5.41	0.00	3.18	2.10	0.00
STnc4010	0	0	0	0	1	0	1	8	13	16	17	33	8	27	1	0	0.00	0.00	0.00	0.00	2.01	0.00	1.21	11.07	21.93	12.40	19.11	35.68	26.55	28.63	1.05	0.00
STnc1830	0	0	0	0	0	0	0	0	1	0	0	1	0	0	0	1	0.00	0.00	0.00	0.00	0.00	0.00	0.00	0.00	1.69	0.00	0.00	1.08	0.00	0.00	0.00	1.10
sRNA12	0	0	0	0	0	0	0	0	0	2	0	0	0	1	0	0	0.00	0.00	0.00	0.00	0.00	0.00	0.00	0.00	0.00	1.55	0.00	0.00	0.00	1.06	0.00	0.00
STnc770	2	8	1	11	7	16	13	13	20	30	8	4	6	7	3	16	7.02	9.35	7.21	13.21	14.09	18.66	15.68	17.99	33.74	23.24	8.99	4.32	19.91	7.42	3.15	17.55
STnc350	10	31	3	48	32	56	59	22	22	52	34	25	6	35	18	43	35.11	36.22	21.64	57.66	64.40	65.31	71.18	30.45	37.12	40.29	38.23	27.03	19.91	37.11	18.90	47.16
STnc4020	0	0	0	0	0	0	0	0	0	0	1	0	0	2	1	0	0.00	0.00	0.00	0.00	0.00	0.00	0.00	0.00	0.00	0.00	1.12	0.00	0.00	2.12	1.05	0.00
STnc361	0	0	0	0	0	1	0	0	0	0	0	0	0	1	0	1	0.00	0.00	0.00	0.00	0.00	1.17	0.00	0.00	0.00	0.00	0.00	0.00	0.00	1.06	0.00	1.10
STnc780	3	10	0	10	3	6	7	9	6	26	4	12	3	8	9	8	10.53	11.68	0.00	12.01	6.04	7.00	8.45	12.46	10.12	20.14	4.50	12.97	9.96	8.48	9.45	8.77
STnc370	3	27	1	29	12	25	23	11	18	55	13	20	13	30	21	16	10.53	31.54	7.21	34.84	24.15	29.15	27.75	15.23	30.37	42.61	14.62	21.62	43.15	31.81	22.05	17.55
STnc380	0	0	1	0	1	0	0	0	1	0	2	1	0	1	0	0	0.00	0.00	7.21	0.00	2.01	0.00	0.00	0.00	1.69	0.00	2.25	1.08	0.00	1.06	0.00	0.00
STnc390	3	7	0	8	7	12	9	5	5	7	15	13	2	9	18	6	10.53	8.18	0.00	9.61	14.09	13.99	10.86	6.92	8.44	5.42	16.87	14.06	6.64	9.54	18.90	6.58
tRNA-Sec	0	5	1	2	6	2	5	8	0	4	3	10	0	11	11	4	0.00	5.84	7.21	2.40	12.07	2.33	6.03	11.07	0.00	3.10	3.37	10.81	0.00	11.66	11.55	4.39
mgtC_leader	1	10	0	7	2	3	19	4	5	3	35	33	2	15	4	22	3.51	11.68	0.00	8.41	4.02	3.50	22.92	5.54	8.44	2.32	39.35	35.68	6.64	15.90	4.20	24.13
STnc4040	0	6	0	1	1	1	1	1	4	2	3	0	0	1	2	2	0.00	7.01	0.00	1.20	2.01	1.17	1.21	1.38	6.75	1.55	3.37	0.00	0.00	1.06	2.10	2.19
istR	1	6	3	4	3	2	4	11	4	12	5	6	5	9	5	3	3.51	7.01	21.64	4.80	6.04	2.33	4.83	15.23	6.75	9.30	5.62	6.49	16.59	9.54	5.25	3.29
STnc2110	3	5	0	26	20	10	3	2	5	63	2	1	3	4	3	2	10.53	5.84	0.00	31.23	40.25	11.66	3.62	2.77	8.44	48.81	2.25	1.08	9.96	4.24	3.15	2.19
ROSE_2	9	17	0	53	46	13	7	10	18	75	14	16	8	12	10	6	31.60	19.86	0.00	63.67	92.57	15.16	8.45	13.84	30.37	58.10	15.74	17.30	26.55	12.72	10.50	6.58
AsdA	2	2	1	5	2	7	8	10	11	39	4	4	2	8	15	3	7.02	2.34	7.21	6.01	4.02	8.16	9.65	13.84	18.56	30.21	4.50	4.32	6.64	8.48	15.75	3.29
STnc4250	9	32	0	25	14	44	32	28	30	38	29	42	14	31	48	22	31.60	37.39	0.00	30.03	28.17	51.31	38.61	38.76	50.61	29.44	32.61	45.41	46.46	32.87	50.40	24.13
STnc3170	0	0	1	6	2	3	8	0	7	5	2	3	3	3	3	1	0.00	0.00	7.21	7.21	4.02	3.50	9.65	0.00	11.81	3.87	2.25	3.24	9.96	3.18	3.15	1.10
msr	19	171	9	97	93	12	43	95	37	105	74	123	40	111	29	46	66.72	199.78	64.92	116.52	187.16	13.99	51.88	131.50	62.42	81.35	83.20	132.99	132.76	117.68	30.45	50.45
STnc400	20	172	9	108	95	11	43	97	42	104	73	124	40	107	32	48	70.23	200.95	64.92	129.73	191.18	12.83	51.88	134.27	70.86	80.57	82.08	134.07	132.76	113.44	33.60	52.64
STnc1860	4	8	0	13	7	5	13	6	7	4	6	9	1	12	5	5	14.05	9.35	0.00	15.62	14.09	5.83	15.68	8.31	11.81	3.10	6.75	9.73	3.32	12.72	5.25	5.48
STnc410	0	4	0	2	2	1	2	2	2	1	4	0	1	4	4	5	0.00	4.67	0.00	2.40	4.02	1.17	2.41	2.77	3.37	0.77	4.50	0.00	3.32	4.24	4.20	5.48
Rev39_5p_UTR	28	450	32	258	169	23	97	106	86	191	84	149	41	170	75	144	98.32	525.75	230.83	309.92	340.11	26.82	117.02	146.73	145.10	147.97	94.45	161.11	136.07	180.24	78.75	157.93
TrxA_thermometer	24	79	8	49	42	59	65	69	39	82	55	99	25	79	58	69	84.28	92.30	57.71	58.86	84.52	68.80	78.42	95.51	65.80	63.53	61.84	107.04	82.97	83.76	60.90	75.68
GlmZ_SraJ	108	515	23	293	184	245	327	330	326	634	367	700	134	423	263	236	379.24	601.69	165.91	351.96	370.29	285.71	394.50	456.79	550.01	491.18	412.64	756.87	444.73	448.47	276.15	258.83
Erse	0	10	3	10	5	9	16	8	13	28	11	9	1	13	11	15	0.00	11.68	21.64	12.01	10.06	10.50	19.30	11.07	21.93	21.69	12.37	9.73	3.32	13.78	11.55	16.45
STnc790	0	1	0	2	3	6	2	2	1	2	2	4	0	3	1	1	0.00	1.17	0.00	2.40	6.04	7.00	2.41	2.77	1.69	1.55	2.25	4.32	0.00	3.18	1.05	1.10
Spot_42	10	532	3	500	449	27	104	277	144	631	255	338	129	397	147	115	35.11	621.55	21.64	600.62	903.60	31.49	125.47	383.42	242.95	488.85	286.71	365.46	428.14	420.91	154.35	126.13
CsrC	381	2016	97	997	602	556	1416	876	447	905	1519	2257	434	1551	637	1433	1337.87	2355.36	699.69	1197.64	1211.51	648.39	1708.31	1212.56	754.16	701.13	1707.89	2440.37	1440.40	1644.40	668.85	1571.64
STnc800	24	101	6	146	81	39	129	68	129	502	21	28	50	163	52	42	84.28	118.00	43.28	175.38	163.01	45.48	155.63	94.13	217.64	388.91	23.61	30.27	165.94	172.82	54.60	46.06
ES222	5	31	5	12	5	10	18	24	26	44	11	18	9	29	22	6	17.56	36.22	36.07	14.41	10.06	11.66	21.72	33.22	43.87	34.09	12.37	19.46	29.87	30.75	23.10	6.58
STnc3120	1	0	0	0	0	3	1	1	1	3	0	1	1	1	1	1	3.51	0.00	0.00	0.00	0.00	3.50	1.21	1.38	1.69	2.32	0.00	1.08	3.32	1.06	1.05	1.10
STnc420	5	12	0	22	9	2	5	12	21	35	0	1	1	5	1	1	17.56	14.02	0.00	26.43	18.11	2.33	6.03	16.61	35.43	27.12	0.00	1.08	3.32	5.30	1.05	1.10
STnc870	8	17	4	51	17	37	20	40	166	360	3	8	6	18	32	5	28.09	19.86	28.85	61.26	34.21	43.15	24.13	55.37	280.07	278.90	3.37	8.65	19.91	19.08	33.60	5.48
ClpQY_promoter	3	3	4	16	11	21	9	9	14	41	14	10	4	15	11	10	10.53	3.50	28.85	19.22	22.14	24.49	10.86	12.46	23.62	31.76	15.74	10.81	13.28	15.90	11.55	10.97
L31-Gammaproteobacteria	11	96	4	80	41	136	95	58	60	150	74	102	36	114	104	80	38.63	112.16	28.85	96.10	82.51	158.60	114.61	80.28	101.23	116.21	83.20	110.29	119.48	120.86	109.20	87.74
isrP	3	8	0	13	6	7	6	7	6	22	2	8	6	6	6	2	10.53	9.35	0.00	15.62	12.07	8.16	7.24	9.69	10.12	17.04	2.25	8.65	19.91	6.36	6.30	2.19
STnc4070	3	7	1	4	2	6	6	5	1	7	3	5	0	7	4	3	10.53	8.18	7.21	4.80	4.02	7.00	7.24	6.92	1.69	5.42	3.37	5.41	0.00	7.42	4.20	3.29
STnc4080	2	4	1	27	16	1	4	3	4	7	7	14	2	9	0	20	7.02	4.67	7.21	32.43	32.20	1.17	4.83	4.15	6.75	5.42	7.87	15.14	6.64	9.54	0.00	21.93
STnc1600	1	9	0	7	5	6	10	5	8	16	2	12	5	5	12	15	3.51	10.51	0.00	8.41	10.06	7.00	12.06	6.92	13.50	12.40	2.25	12.97	16.59	5.30	12.60	16.45
OxyS	0	42	2	30	52	2	20	186	45	130	27	127	2	28	8	4	0.00	49.07	14.43	36.04	104.65	2.33	24.13	257.46	75.92	100.71	30.36	137.32	6.64	29.69	8.40	4.39
P26	57	207	31	151	101	473	269	134	112	244	373	403	124	315	284	212	200.15	241.84	223.61	181.39	203.26	551.60	324.53	185.48	188.96	189.03	419.38	435.74	411.54	333.97	298.20	232.51
STnc3490	13	53	13	41	25	62	51	54	32	63	29	31	12	51	20	32	45.65	61.92	93.77	49.25	50.31	72.30	61.53	74.75	53.99	48.81	32.61	33.52	39.83	54.07	21.00	35.10
STnc1460	29	119	42	55	45	21	39	166	49	104	67	94	27	58	69	19	101.83	139.03	302.96	66.07	90.56	24.49	47.05	229.78	82.67	80.57	75.33	101.64	89.61	61.49	72.45	20.84
STnc4100	0	3	0	2	0	0	2	3	0	1	1	1	0	1	1	0	0.00	3.50	0.00	2.40	0.00	0.00	2.41	4.15	0.00	0.77	1.12	1.08	0.00	1.06	1.05	0.00
STnc430	6	19	0	38	21	14	40	5	18	48	20	38	7	40	22	28	21.07	22.20	0.00	45.65	42.26	16.33	48.26	6.92	30.37	37.19	22.49	41.09	23.23	42.41	23.10	30.71
STnc810	0	0	0	2	3	3	3	1	4	7	2	2	2	4	3	3	0.00	0.00	0.00	2.40	6.04	3.50	3.62	1.38	6.75	5.42	2.25	2.16	6.64	4.24	3.15	3.29
STnc2130	2	2	0	2	2	1	1	2	3	2	3	3	0	1	9	3	7.02	2.34	0.00	2.40	4.02	1.17	1.21	2.77	5.06	1.55	3.37	3.24	0.00	1.06	9.45	3.29
STnc880	4	13	1	5	3	3	10	6	3	8	5	10	3	4	4	7	14.05	15.19	7.21	6.01	6.04	3.50	12.06	8.31	5.06	6.20	5.62	10.81	9.96	4.24	4.20	7.68
sraL	3	24	1	40	28	2	8	8	2	11	28	41	1	7	3	14	10.53	28.04	7.21	48.05	56.35	2.33	9.65	11.07	3.37	8.52	31.48	44.33	3.32	7.42	3.15	15.35
SECIS_2	10	24	4	28	31	3	60	15	21	75	40	53	24	69	13	46	35.11	28.04	28.85	33.63	62.39	3.50	72.39	20.76	35.43	58.10	44.97	57.31	79.65	73.15	13.65	50.45
STnc630	9	46	6	28	20	16	15	33	29	59	12	11	7	30	20	16	31.60	53.74	43.28	33.63	40.25	18.66	18.10	45.68	48.93	45.71	13.49	11.89	23.23	31.81	21.00	17.55
STnc1180	2	273	2	303	267	3	89	86	74	314	5	6	1	3	4	164	7.02	318.95	14.43	363.98	537.33	3.50	107.37	119.04	124.85	243.26	5.62	6.49	3.32	3.18	4.20	179.87
STnc4110	0	1	0	1	1	1	0	1	1	2	0	0	0	0	0	1	0.00	1.17	0.00	1.20	2.01	1.17	0.00	1.38	1.69	1.55	0.00	0.00	0.00	0.00	0.00	1.10
PinT	0	8	1	5	4	2	4	13	8	15	2	2	1	8	7	12	0.00	9.35	7.21	6.01	8.05	2.33	4.83	17.99	13.50	11.62	2.25	2.16	3.32	8.48	7.35	13.16
STnc3000	15	26	5	45	41	122	54	22	21	68	28	23	4	18	138	58	52.67	30.38	36.07	54.06	82.51	142.27	65.15	30.45	35.43	52.68	31.48	24.87	13.28	19.08	144.90	63.61
Guanidine-II	5	11	0	8	6	8	2	18	18	32	4	5	9	8	16	3	17.56	12.85	0.00	9.61	12.07	9.33	2.41	24.92	30.37	24.79	4.50	5.41	29.87	8.48	16.80	3.29
STnc4120	1	3	1	7	1	1	6	4	1	4	1	7	1	0	3	0	3.51	3.50	7.21	8.41	2.01	1.17	7.24	5.54	1.69	3.10	1.12	7.57	3.32	0.00	3.15	0.00
RpsF_leader	24	62	6	53	35	127	105	51	56	113	102	112	54	179	151	78	84.28	72.44	43.28	63.67	70.44	148.10	126.68	70.59	94.48	87.54	114.68	121.10	179.22	189.78	158.55	85.55
STnc450	3	5	0	8	11	18	8	4	13	20	8	10	3	11	13	6	10.53	5.84	0.00	9.61	22.14	20.99	9.65	5.54	21.93	15.49	8.99	10.81	9.96	11.66	13.65	6.58
STnc1740	0	5	0	3	4	1	6	0	2	1	4	4	1	7	6	1	0.00	5.84	0.00	3.60	8.05	1.17	7.24	0.00	3.37	0.77	4.50	4.32	3.32	7.42	6.30	1.10
STnc2160	0	0	0	1	0	1	1	1	3	2	0	2	0	0	1	2	0.00	0.00	0.00	1.20	0.00	1.17	1.21	1.38	5.06	1.55	0.00	2.16	0.00	0.00	1.05	2.19
Magnesium-II	2	4	3	1	1	30	15	8	14	4	13	11	8	16	17	24	7.02	4.67	21.64	1.20	2.01	34.99	18.10	11.07	23.62	3.10	14.62	11.89	26.55	16.96	17.85	26.32
Ysr276	1	1	0	3	2	5	8	3	0	4	3	4	3	4	10	5	3.51	1.17	0.00	3.60	4.02	5.83	9.65	4.15	0.00	3.10	3.37	4.32	9.96	4.24	10.50	5.48
STnc460	0	0	0	1	0	4	0	2	0	1	0	0	0	0	2	1	0.00	0.00	0.00	1.20	0.00	4.66	0.00	2.77	0.00	0.77	0.00	0.00	0.00	0.00	2.10	1.10
isrQ	0	2	0	1	0	0	0	3	0	2	1	1	1	1	1	0	0.00	2.34	0.00	1.20	0.00	0.00	0.00	4.15	0.00	1.55	1.12	1.08	3.32	1.06	1.05	0.00
STnc4260	0	5	1	2	0	0	2	4	1	4	1	2	1	1	0	0	0.00	5.84	7.21	2.40	0.00	0.00	2.41	5.54	1.69	3.10	1.12	2.16	3.32	1.06	0.00	0.00
STnc4130	0	0	0	0	0	1	0	0	1	0	1	2	0	1	0	4	0.00	0.00	0.00	0.00	0.00	1.17	0.00	0.00	1.69	0.00	1.12	2.16	0.00	1.06	0.00	4.39
symR	3	26	2	14	9	5	4	9	4	9	23	34	3	17	5	8	10.53	30.38	14.43	16.82	18.11	5.83	4.83	12.46	6.75	6.97	25.86	36.76	9.96	18.02	5.25	8.77
STnc4140	0	12	0	14	7	24	9	5	6	17	12	17	4	8	12	10	0.00	14.02	0.00	16.82	14.09	27.99	10.86	6.92	10.12	13.17	13.49	18.38	13.28	8.48	12.60	10.97
