gene,PW_minus_YB1_log2FC
thrl,-1.241
thra,-0.0915
thrb,-0.5246
thrc,0.0016
yaaa,1.0153
sl1344_rs00030,-0.0488
tal,-0.1371
mog,0.1828
satp,0.1002
msyb,-0.492
sl1344_rs00055,0.8033
dnak,-1.2361
dnaj,-0.2287
sl1344_rs00070,-0.3865
sl1344_rs00075,-0.6214
sl1344_rs00080,0.0721
sl1344_rs00090,-0.2418
sl1344_rs00095,-0.2008
sl1344_rs00105,0.7347
bcfb,1.8003
bcfc,0.5436
sl1344_rs00120,0.1407
sl1344_rs00125,0.7908
sl1344_rs00130,0.6311
bcfg,0.8679
sl1344_rs00140,-1.1427
sl1344_rs00145,-1.2645
sl1344_rs00155,0.482
sl1344_rs00165,0.464
sl1344_rs00170,1.7449
sl1344_rs00175,0.4854
sl1344_rs00180,-0.1351
sl1344_rs00185,-0.0828
sl1344_rs00190,-0.4425
sl1344_rs00195,-0.6942
nhaa,0.1204
nhar,0.7814
sl1344_rs00210,1.041
sl1344_rs00215,0.2722
rpst,-0.3093
sl1344_rs00225,-0.3972
ribf,-0.0176
iles,0.0137
lspa,0.0896
fkpb,-0.0303
isph,-0.0013
sl1344_rs00255,1.4779
rihc,1.8071
sl1344_rs00265,0.8164
sl1344_rs00270,-0.2561
sl1344_rs00275,-1.7247
oada,0.2309
cits,0.8453
citc,1.4162
citd,1.4038
cite,1.2199
citf,0.7463
citx,-0.6595
citg,0.9392
dapb,0.3261
sl1344_rs27595,0.6378
cara,-0.4118
carb,-1.112
caif,0.5999
caie,0.2697
caid,0.165
caic,0.2948
caia,1.0562
cait,0.482
sl1344_rs00390,-0.6803
sl1344_rs00395,1.168
fixx,0.4507
sl1344_rs00405,0.1137
sl1344_rs00410,0.3921
sl1344_rs00415,-0.0556
srfn,0.8666
sl1344_rs00430,-0.1506
keff,-0.7193
kefc,0.9477
fola,-0.2035
apah,-0.8782
apag,-0.7808
rsma,-0.597
pdxa,-0.6182
sura,-0.5091
lptd,-0.1675
djla,-0.2532
rlua,0.131
rapa,0.4727
polb,-0.271
sl1344_rs00500,-0.6125
sl1344_rs00505,1.1155
arad,-0.6803
araa,0.482
arab,0.0434
arac,-1.394
sl1344_rs00530,0.1702
thiq,-0.5
thip,-0.0586
thib,0.4617
sgrr,-0.1573
sgrt,-0.8884
leud,-0.5795
leuc,0.0563
leub,0.5042
leua,-0.0154
leul,-1.8408
leuo,1.1309
ilvi,0.6241
ilvn,0.805
cra,-0.1258
mraz,-1.101
rsmh,-0.4696
ftsl,-0.7226
ftsi,-0.282
mure,-0.2998
murf,-0.0289
mray,0.0422
murd,-0.2967
ftsw,-0.3926
murg,-0.8737
murc,-0.0611
sl1344_rs00660,-0.0952
ftsq,0.4278
ftsa,-0.7538
ftsz,-0.0383
lpxc,-0.0794
secm,0.7524
seca,0.1935
mutt,1.8085
yacg,2.3
zapd,1.9501
coae,0.5748
sl1344_rs00720,0.2763
hofc,0.0147
gspe,-0.4444
ppdd,-0.6803
nadc,-0.1053
ampd,-0.5426
ampe,-0.7153
sl1344_rs00755,-0.6034
sl1344_rs00760,0.9587
arop,-0.689
pdhr,-0.4839
acee,-0.1941
acef,-0.4377
lpda,-0.4414
sl1344_rs00790,-0.0292
sl1344_rs00795,-0.1528
acnb,0.0123
sl1344_rs00810,-0.2415
yacl,-0.3732
sl1344_rs00820,0.0721
dtnk,0.6592
sl1344_rs00830,0.1411
sl1344_rs00835,0.5786
sped,1.1055
spee,0.9296
sl1344_rs00850,-0.3399
cueo,-0.3406
sl1344_rs00860,-0.7816
hpt,-0.5068
can,-0.5703
sl1344_rs00875,0.2928
sl1344_rs00880,-0.2566
sl1344_rs00885,-1.0226
sl1344_rs00890,-1.7677
stib,0.0694
stia,0.9619
sl1344_rs00905,-0.0483
sl1344_rs00910,0.0421
pand,1.0957
panc,1.3552
panb,0.2501
folk,0.8864
pcnb,0.4224
gluqrs,0.8132
dksa,0.4616
sfsa,-0.0347
thpr,0.4852
hrpb,-0.426
mrcb,-0.7774
fhua,1.2854
fhuc,1.3543
fhud,0.464
fhub,-0.4319
stfa,0.1007
sl1344_rs00995,1.1493
stfd,-0.2694
sl1344_rs01005,-0.1019
stff,-0.1054
sl1344_rs01015,-0.5874
stfh,0.2085
heml,0.0127
clca,-0.4284
erpa,0.2731
sl1344_rs01040,0.7385
btuf,0.5671
mtnn,0.6387
dgt,0.0274
degp,0.2053
cdar,-0.9041
sl1344_rs01070,-0.273
sl1344_rs01075,-0.19
dapd,-0.1101
glnd,0.7455
map,-0.7216
rpsb,-0.0275
tsf,0.149
pyrh,0.7313
frr,0.2627
ispc,-0.4188
ispu,-0.1852
cdsa,-0.1808
rsep,-0.5641
bama,-0.2677
skp,-0.286
lpxd,-0.3668
fabz,0.0872
lpxa,-0.4747
lpxb,-0.2903
rnhb,0.1598
dnae,-0.6785
acca,0.0773
sl1344_rs01180,0.0409
ldcc,0.6428
sl1344_rs01190,0.2057
tils,-0.1518
rof,0.6581
sl1344_rs01205,0.9606
sl1344_rs01210,0.0205
arfb,0.558
nlpe,-0.0384
pros,0.0386
tsaa,0.4973
rcsf,0.732
metq,0.4545
sl1344_rs01245,0.285
metn,0.1175
gmhb,-0.1596
dkgb,0.3893
yafc,0.2783
sl1344_rs01300,0.7101
sl1344_rs01305,-0.2001
sl1344_rs01310,-0.4165
mltd,-0.5801
glob,0.3966
sl1344_rs01325,0.1724
rnha,-1.1527
dnaq,-0.1007
sl1344_rs01345,-0.5095
tssg,0.821
tssf,-0.4013
tsse,-0.1367
sl1344_rs01365,-0.985
tagk,-0.2766
tssh,0.2588
tssb,0.4507
tssc,0.2309
sl1344_rs01400,0.9368
sl1344_rs01405,0.482
sl1344_rs01410,0.8183
sl1344_rs01415,0.821
tssj,1.3334
tssk,0.5023
tssl,-0.5
sl1344_rs01435,1.3372
icmf,-0.9585
sl1344_rs01450,0.138
sl1344_rs01455,0.4285
sl1344_rs01460,-0.4261
sl1344_rs01465,-0.2037
sl1344_rs01470,0.8777
sl1344_rs01475,0.4919
sl1344_rs01480,-0.0379
scix,0.8679
sl1344_rs01495,0.482
sl1344_rs01500,0.482
sl1344_rs27605,-0.1367
sl1344_rs01505,-0.1367
sl1344_rs24945,0.4507
safa,0.8183
safb,0.6531
sl1344_rs01535,0.659
afad,0.4199
sl1344_rs01545,0.5214
sl1344_rs01560,1.0492
sl1344_rs01565,0.8792
pagn,0.4074
sl1344_rs01575,-0.875
sl1344_rs01580,0.4859
fade,-1.0096
lpca,0.9352
sl1344_rs01595,0.635
dpaa,0.7772
dinb,0.009
prfh,0.7162
pepd,0.2769
gpt,1.2011
frsa,-0.0977
crl,0.7131
phoe,0.4043
prob,-0.1165
proa,0.4807
sl1344_rs01675,-0.7394
sl1344_rs01680,-1.8895
sl1344_rs01695,0.468
sl1344_rs01700,0.2842
sl1344_rs01705,0.035
sl1344_rs26525,-0.1983
sl1344_rs01715,0.1041
stbe,-1.2403
stbd,-0.1307
sl1344_rs01730,1.1125
stbb,-0.3785
sl1344_rs01745,0.3383
sl1344_rs01755,1.1037
sl1344_rs01760,0.7364
sl1344_rs01765,-0.0104
sl1344_rs01785,0.1035
mdsc,-0.8907
mdsb,-0.2132
mdsa,-0.2297
golt,-0.6723
gols,0.6718
golb,-0.1115
sl1344_rs01825,0.3533
sl1344_rs01830,0.021
sl1344_rs01835,0.4016
ssaa,-0.2285
sl1344_rs01845,0.956
cydb,0.119
sl1344_rs27900,0.2017
foxr,-1.1507
foxa,-0.0515
sl1344_rs01870,0.3928
yaho,-1.541
prpr,0.7347
prpb,1.3372
prpc,-1.6449
sl1344_rs01895,-1.148
prpe,0.3401
hemb,0.4857
sl1344_rs01910,-0.4682
ipra,0.8409
amph,1.0155
sbma,0.2227
yaiw,-0.0446
sl1344_rs01935,-0.4054
sl1344_rs01940,-0.1992
ddla,-0.1353
sl1344_rs01950,0.9709
sl1344_rs01955,-0.4723
irap,-0.1141
psif,-0.1528
adra,0.0973
proc,-0.1577
sl1344_rs01980,0.1172
arol,0.0695
yaia,-0.2277
sl1344_rs01995,0.2105
ppnp,-0.2422
rdgc,-0.0191
mak,-0.0843
araj,-0.5302
sbcc,0.4587
sbcd,0.4555
phob,-0.5613
phor,0.536
brnq,-0.4682
proy,-0.1853
malz,0.2752
sl1344_rs02060,1.1583
acph,0.2533
quea,-0.384
tgt,0.0385
yajc,0.3314
secd,-0.2606
secf,-0.7943
sl1344_rs02095,0.1123
sl1344_rs02100,0.2942
yajd,1.2901
sl1344_rs27350,-1.2929
sl1344_rs02115,0.1532
sl1344_rs02120,-0.5314
nrdr,0.354
ribd,0.0521
ribe,0.0716
nusb,0.209
thil,0.2374
pgpa,0.8882
sl1344_rs02155,0.1256
dxs,-0.1871
ispa,-0.1911
xseb,0.2644
thii,-0.1609
phnv,0.6296
phnu,0.2596
phnt,-0.4585
phns,-1.1311
phnr,0.2093
phnw,-0.1983
phnx,0.5403
yajl,-0.3092
pane,-0.1688
sl1344_rs02225,0.5686
sl1344_rs02230,0.1985
sl1344_rs02235,0.1696
sl1344_rs02240,0.759
cyoe,0.4001
sl1344_rs02250,0.5231
sl1344_rs02255,0.7443
cyob,0.0199
cyoa,-1.0502
ampg,0.519
sl1344_rs02275,0.8064
bola,-0.2754
tig,-0.3097
clpp,-0.0855
clpx,-0.52
lon,-0.4922
hupb,0.7636
ppid,0.108
sl1344_rs02315,-0.0393
fadm,-0.6785
quec,-0.0363
sl1344_rs02330,-0.4264
cof,-0.6998
cdsh,-0.7496
decr,0.0397
sl1344_rs02350,-1.1233
sl1344_rs02355,-0.9589
glnk,-0.9525
amtb,-1.4027
tesb,0.0576
sl1344_rs02375,0.4449
sl1344_rs02380,0.244
sl1344_rs02385,0.2948
sl1344_rs02390,0.787
ykgo,0.3758
sl1344_rs02400,0.0424
maa,-1.0489
sl1344_rs02410,-0.4747
tomb,-0.8132
acrb,-0.3322
acra,-0.2522
acrr,-0.2711
msck,-0.9333
sl1344_rs02440,-0.9172
rsms,0.1876
pric,-0.1798
sl1344_rs02455,1.3167
apt,1.7325
dnax,0.217
sl1344_rs02470,0.5441
recr,0.3025
htpg,0.7072
adk,0.4371
hemh,0.1893
aes,0.1619
gsk,0.568
ybal,0.1774
sl1344_rs02510,0.4558
usha,-0.1076
ybak,-0.3614
sl1344_rs02525,-1.0813
sl1344_rs02530,1.2042
copa,-0.1396
cuer,-0.227
sl1344_rs02545,-0.374
sl1344_rs02550,-0.0023
feta,0.5394
fetb,0.3952
cnox,-0.6697
sl1344_rs02570,0.0363
tesa,-0.6789
ybba,0.3413
ybbp,-0.7063
sl1344_rs02590,1.1866
sl1344_rs02595,0.9896
sfbb,0.4136
sl1344_rs02605,-0.1327
mnmh,0.1205
alls,-0.6537
alla,-0.8124
allr,0.3466
gcl,-0.3813
gip,-0.1019
glxr,-0.3785
allb,0.1007
sl1344_rs02660,0.4507
glxk,0.4854
alle,-0.5569
allc,-0.6657
alld,1.1647
sl1344_rs02685,1.0681
sl1344_rs02700,0.0199
purk,0.3144
pure,0.6894
lpxh,1.1283
ppib,1.0089
cyss,0.3615
sl1344_rs02730,0.2414
sl1344_rs02735,1.2142
sl1344_rs02740,0.468
ybcj,0.5463
fold,0.324
fima,-1.3903
fimi,-0.4832
fimc,0.464
sl1344_rs02770,-1.2983
fimh,-2.0
sfmf,-2.099
fimz,-2.4603
fimy,-0.3223
sl1344_rs02795,-0.852
fimw,0.482
sl1344_rs27620,0.4854
gtrc1,-0.224
sl1344_rs02820,1.0909
sl1344_rs02825,-0.029
sl1344_rs27490,0.4854
rclr,0.2976
rcla,-0.2506
rclb,0.4854
rclc,1.7425
sl1344_rs02865,0.5671
phep,0.2498
sl1344_rs02875,1.0891
sl1344_rs02880,0.8571
sl1344_rs02885,-0.74
sl1344_rs02890,-0.4207
sl1344_rs02895,0.1069
sl1344_rs02900,-0.3993
sl1344_rs02905,-0.3813
sl1344_rs02915,0.6344
nfsb,-0.0589
sl1344_rs02925,0.2545
sl1344_rs02930,-0.4484
sl1344_rs02935,-0.8144
sl1344_rs02940,-0.7415
sl1344_rs02945,0.8018
entd,-0.3785
sl1344_rs02955,0.7562
fes,0.1035
entf,-0.1021
wzz(fepe),-0.1142
fepc,0.0337
fepg,0.6383
fepd,0.8162
ents,-2.9098
fepb,0.5113
entc,-0.7928
ente,-0.4477
sl1344_rs03015,-0.3785
enta,0.4507
csta,-1.0995
sl1344_rs03035,-0.1606
sl1344_rs03040,0.2101
sl1344_rs03045,0.7043
sl1344_rs03050,1.8563
sl1344_rs03055,-1.7948
citr,0.4529
dsbg,0.6487
ahpc,-0.1369
ahpf,0.3923
sl1344_rs03080,-0.5874
sl1344_rs03085,0.6739
sl1344_rs03090,0.9521
sl1344_rs03095,1.544
uspg,0.5493
sl1344_rs03105,0.1685
rnk,-0.4679
rna,-0.0728
citt,0.3547
dpib,0.3854
dpia,0.0058
dcuc,0.7788
pagp,1.3901
cspe,-0.6078
crcb,-0.1147
sl1344_rs03185,-0.0365
tate,0.0045
lipa,-0.1603
sl1344_rs03200,0.8611
lipb,0.4202
ybed,-0.6701
daca,0.2963
rlpa,-0.2898
mrdb,0.2648
mrda,0.3242
rlmh,-0.1342
rsfs,0.1143
sl1344_rs03250,0.0234
cobd,0.4964
nadd,0.0632
hola,-0.2072
lpte,-0.6053
leus,-0.3549
sl1344_rs03280,0.3741
sl1344_rs03285,-0.0071
sl1344_rs03290,-0.7026
sl1344_rs03295,0.1817
sl1344_rs03300,-0.5752
sl1344_rs03305,-1.0951
sl1344_rs03315,0.1041
sl1344_rs03325,0.4721
hscc,1.036
sl1344_rs03335,0.956
riha,0.9653
gltl,-1.0402
gltk,-0.7869
gltj,0.3647
sl1344_rs03360,-0.2454
lnt,0.1672
corc,0.1025
ybey,-0.1201
sl1344_rs03380,-0.1203
miab,0.5216
ubif,-0.0476
sl1344_rs03395,1.0313
asnb,1.0756
nagd,-0.2525
nagc,-0.0514
naga,-0.3276
nagb,-0.882
nage,0.5711
glns,-0.0302
chip,0.1415
chiq,0.2789
tcuc,-0.1544
tcub,-1.0721
tcua,-2.2119
tcur,-0.7473
fur,0.1177
flda,0.7313
ybfe,0.9263
ybff,0.5766
seqa,0.5075
pgm,-0.0702
sl1344_rs03530,1.0653
pote,-0.7498
spef,0.5118
spefl,0.8573
kdpe,-1.1848
kdpd,-1.1114
kdpc,0.3295
kdpb,-1.317
kdpa,0.482
sl1344_rs03580,-0.0864
phrb,-0.6676
sl1344_rs03590,-0.6741
ybgi,0.0253
pxpb,-0.2286
pxpc,-0.53
pxpa,-0.5893
sl1344_rs03615,0.8183
sl1344_rs03620,0.0975
sl1344_rs03625,-0.852
sl1344_rs03630,-1.0578
sl1344_rs03655,-0.3785
sl1344_rs03660,0.4614
sl1344_rs03670,0.2337
sl1344_rs03675,0.2722
nei,-0.5685
sl1344_rs03685,-0.424
sl1344_rs03690,0.4383
sl1344_rs27970,0.1444
sdhc,-1.1012
sdhd,-0.197
sdha,-0.8012
sdhb,0.2143
suca,0.3455
odhb,0.0752
succ,-0.0567
sucd,0.1695
cyda,0.208
cydx,0.1514
ybge,-0.0874
ybgc,0.351
tolq,0.2464
tolr,0.1505
tola,0.045
tolb,-0.1906
pal,0.1617
cpob,0.1694
nada,-0.3785
pnuc,0.0446
zitb,0.5016
sl1344_rs03845,-0.5173
arog,0.2616
sl1344_rs03855,1.5858
sl1344_rs03860,-0.1054
sl1344_rs03865,-0.1926
sl1344_rs03870,0.1069
sl1344_rs03875,-0.3813
sl1344_rs03890,1.1155
sl1344_rs03895,0.8215
sl1344_rs03900,-0.3845
sl1344_rs03905,-1.0284
gpma,0.0116
galm,0.0611
galk,-0.1403
galt,-0.2463
gale,0.5422
sl1344_rs03935,1.1309
modf,-0.5894
mode,0.2513
sl1344_rs03950,-0.1197
moda,0.7731
modb,0.9017
modc,0.7716
sl1344_rs03970,0.3845
pgl,0.1034
sl1344_rs03980,1.3936
huti,0.6292
hutg,0.7534
sl1344_rs03995,0.3083
hutu,-0.6447
huth,0.942
sl1344_rs04010,0.1188
bioa,0.0736
biob,0.5372
biof,1.3391
bioc,1.3391
biod,0.5879
uvrb,-0.8046
sl1344_rs04045,0.8204
slrp,0.7446
yvck,0.154
moaa,0.2284
moab,1.3835
moac,1.1622
moad,1.2458
moae,0.4758
sl1344_rs04085,0.1367
sl1344_rs04090,0.482
sl1344_rs04095,0.482
sl1344_rs04100,-0.3785
sl1344_rs04105,1.1724
clsb,0.6963
sl1344_rs04115,-0.1983
sl1344_rs04120,-0.346
sl1344_rs04125,-0.1025
sl1344_rs04130,0.3524
sl1344_rs04135,0.1163
hlyd,-0.7205
cecr,0.0968
rhle,-1.0115
ding,-0.0413
ybib,-0.0029
ybij,-0.0243
sl1344_rs04175,0.3305
rlmf,-0.8204
ybio,-0.9401
glnq,-0.4957
glnp,-0.0045
glnh,-0.344
dps,1.0101
rhta,-0.2365
ompx,-0.047
sl1344_rs04220,0.9207
mnts,0.4604
mntr,0.5819
sl1344_rs04230,0.7227
ldtb,-0.5183
sl1344_rs04240,-0.9143
sl1344_rs04245,0.482
sl1344_rs04255,0.1846
sl1344_rs04260,-0.8523
sl1344_rs04265,0.8752
sl1344_rs04270,-0.4478
moeb,0.8325
moea,0.8633
iaaa,-0.2647
gsia,0.8871
gsib,0.8964
gsic,-0.5349
gsid,0.1024
rimo,0.403
bssr,0.1986
sl1344_rs04320,0.4854
sl1344_rs04325,0.4854
sl1344_rs04330,0.5414
sl1344_rs04340,-0.37
sl1344_rs04345,-0.6537
sl1344_rs04350,0.6931
sl1344_rs04355,-0.1199
sl1344_rs04365,0.7554
dacc,0.7453
deor,-0.3997
ybjg,0.6737
sl1344_rs04385,1.6369
sl1344_rs04390,-0.414
sl1344_rs04395,-0.685
sl1344_rs04400,-1.4275
sl1344_rs04405,-0.4205
sl1344_rs04410,-0.1378
sl1344_rs04415,-0.0351
sl1344_rs04420,-0.471
rimk,-0.4764
sl1344_rs04435,1.2228
potf,0.8033
potg,0.482
poth,0.8812
poti,1.4835
sl1344_rs04460,0.5042
rlmc,0.5128
sl1344_rs04480,0.769
artj,0.3838
artm,-0.3423
artq,0.03
arti,0.6761
artp,-0.0808
sl1344_rs04510,-0.2445
sl1344_rs04515,0.1434
sl1344_rs04520,0.1399
sl1344_rs04525,0.1051
sl1344_rs04530,0.1581
ltae,1.2881
poxb,0.2797
hcr,0.3136
hcp,0.6135
sl1344_rs04555,0.0436
sl1344_rs04560,0.3913
sl1344_rs04565,0.7926
maca,0.3183
macb,-0.0607
cspd,0.0134
sl1344_rs27630,0.3224
clps,0.1631
clpa,0.3972
tnpa,0.1153
sl1344_rs26565,1.6461
sl1344_rs04615,0.7303
sl1344_rs04620,0.4507
sl1344_rs04625,0.1692
infa,0.1999
aat,-0.9199
cydc,0.0006
cydd,-0.8557
trxb,1.0042
lrp,-0.0338
ftsk,-0.0692
lola,-0.0693
rara,-0.2959
sers,0.0325
dmsa,0.8476
dmsb,0.947
sl1344_rs04695,0.8704
sl1344_rs04705,0.5802
sl1344_rs04710,0.5381
pfla,0.3233
sl1344_rs26570,0.4655
sopd2,0.6801
pflb,0.6617
foca,0.1513
ycao,0.4373
sl1344_rs04745,0.9579
serc,-0.6849
aroa,1.1783
sl1344_rs04760,0.7882
cmk,0.0441
rpsa,-0.2527
ihfb,0.1346
sl1344_rs04780,-0.2145
msba,0.3384
lpxk,0.4465
sl1344_rs04795,1.1818
ycar,0.7064
kdsb,0.5631
sl1344_rs04810,-0.0227
elyc,0.5363
cmom,-0.2326
mukf,-0.1219
muke,-0.403
mukb,-0.1586
ldtd,0.3497
sl1344_rs04845,-0.0597
sl1344_rs04850,-0.1134
aspc,0.5112
ompf,1.1241
asns,0.1691
sl1344_rs04870,-0.1543
sl1344_rs04885,0.1041
pncb,-0.219
int,-1.1741
xis,-0.1853
sl1344_rs04905,0.1007
sl1344_rs04910,1.546
sl1344_rs04915,0.3679
sl1344_rs04920,-1.5985
sl1344_rs04925,0.4507
sl1344_rs26575,-0.5548
sl1344_rs04930,-0.2843
sl1344_rs04935,0.2393
sl1344_rs04940,-0.165
sl1344_rs04945,0.7579
sl1344_rs04950,1.3599
sl1344_rs04955,0.0694
sl1344_rs04960,-1.1528
sl1344_rs04965,0.1561
sl1344_rs04970,0.9762
sl1344_rs04975,1.128
sl1344_rs04980,1.0329
sl1344_rs27635,-0.2555
sl1344_rs04990,-0.6232
sl1344_rs05005,-0.3791
sl1344_rs05010,0.6378
sl1344_rs05015,0.7887
gtga,0.9786
sl1344_rs05025,-0.5874
sl1344_rs05030,-0.85
sl1344_rs05035,-0.3813
sl1344_rs05045,0.6164
sl1344_rs05050,0.7908
sl1344_rs05055,0.0169
sl1344_rs05060,1.293
sl1344_rs05065,1.1155
sl1344_rs05070,0.4854
sl1344_rs05075,-0.2274
sl1344_rs05080,-0.2528
sl1344_rs05085,1.0494
gpg,0.0694
sl1344_rs05095,0.4398
sl1344_rs05100,-0.8675
sl1344_rs05105,-0.1069
sl1344_rs05110,0.5179
sodc1,0.9292
sl1344_rs05120,-0.8414
sl1344_rs05125,-1.2173
sl1344_rs05130,-1.3105
sl1344_rs05145,-0.934
sl1344_rs05150,0.1041
ssei,-0.0057
sl1344_rs05170,0.992
sl1344_rs05175,2.2979
gtge,2.3001
sl1344_rs05185,0.4972
pepn,-0.2871
pyrd,0.385
zapc,1.7708
sl1344_rs05205,1.3254
rlmkl,0.0189
sl1344_rs05215,0.4794
pqia,0.0901
pqib,-0.0662
pqic,0.5514
rmf,0.3619
faba,0.333
sl1344_rs05245,-0.0791
matp,0.0551
ompa,0.1206
sula,0.7382
sl1344_rs05265,-0.3276
yccs,0.5689
sl1344_rs05275,0.736
held,-0.586
mgsa,0.2307
sl1344_rs05290,0.2195
sl1344_rs05295,0.7356
hspq,0.134
rlmi,-0.12
sl1344_rs05310,-0.5775
sl1344_rs05315,-0.7066
yccx,-0.295
tuse,-0.3536
ycca,-0.0906
pipa,0.5026
pipb,0.7101
sl1344_rs05350,2.7373
sige,2.8322
sopb,3.2164
sl1344_rs05365,1.224
sl1344_rs05370,1.202
sl1344_rs05375,-0.1673
sl1344_rs05380,-0.3896
hprr,0.7572
hiuh,0.1136
sl1344_rs05395,0.5214
hpab,0.9926
hpar,0.2826
hpag,0.7073
hpae,0.8183
hpad,-0.3785
hpah,-0.852
hpai,-1.0738
hpax,0.1809
hpaa,0.482
sl1344_rs05450,-0.1336
sl1344_rs05455,-0.6945
cbpm,0.1323
cbpa,0.147
sl1344_rs05470,-0.6449
sl1344_rs05475,0.4015
sl1344_rs05480,0.1402
sl1344_rs05485,0.2809
agp,0.3067
sl1344_rs05495,0.4425
wrba,0.4591
sl1344_rs05505,0.6034
rutr,0.6823
sl1344_rs05515,0.66
puta,-0.057
putp,1.6366
phoh,1.4961
sl1344_rs05540,0.7875
sl1344_rs05545,-0.3369
sl1344_rs05550,0.4854
sl1344_rs05565,0.7568
sl1344_rs05570,-0.8531
ghra,0.2067
sl1344_rs05595,0.2371
sl1344_rs05600,0.4461
sl1344_rs05605,0.0244
csgg,0.0191
csgd,0.482
csga,-0.5908
csgc,0.6337
sl1344_rs05645,0.4501
ymdb,0.2343
sl1344_rs05655,0.2884
mdoc,-0.7367
mdog,-0.1905
mdoh,-0.8786
sl1344_rs05675,-0.3693
sl1344_rs05680,-0.689
mdtg,0.064
sl1344_rs05690,0.6347
sl1344_rs05695,0.2929
sl1344_rs05700,0.6739
sl1344_rs05705,0.1677
sl1344_rs05710,0.4397
sola,0.1732
bsss,-0.7242
dini,0.2258
pyrc,0.1647
sl1344_rs05735,0.2694
grxb,0.729
mdth,-0.0261
rimj,0.0159
sl1344_rs05755,-0.2896
sl1344_rs05760,0.3472
murj,0.6688
flgn,1.1628
flgm,1.3497
flga,0.815
flgb,1.2041
flgc,0.9486
flgd,0.9921
flge,0.8195
sl1344_rs05805,1.0249
flgg,0.5913
flgh,0.6018
sl1344_rs05820,0.2367
flgj,0.0746
flgk,0.8377
flgl,0.4333
rne,-0.4755
rluc,0.0559
sl1344_rs05855,-0.0776
sl1344_rs05860,-0.3981
sl1344_rs05865,-0.4959
yced,0.0436
rpmf,0.1054
plsx,0.1185
fabh,-0.0972
fabd,-0.0479
fabg,-0.1067
acpp,0.2374
fabf,-0.1391
pabc,0.6252
yceg,0.25
tmk,0.091
holb,-0.4635
sl1344_rs05930,-0.6037
ptsg,-0.9058
fhue,0.8215
hint,0.7273
sl1344_rs05950,1.0526
lpob,0.7126
thik,0.6504
nagz,0.0807
ycfp,1.1357
ndh,0.015
sl1344_rs05980,-0.6437
comr,0.4281
bhsa,0.2098
ldtc,-0.4359
mfd,-0.492
lolc,-0.2522
lold,-0.7653
lole,-0.2021
nagk,-0.2495
cobb,0.1207
potd,-0.0906
potc,-0.0768
sifa,0.7268
potb,0.5919
pota,0.4972
pept,0.7455
sl1344_rs06065,0.3697
sl1344_rs06070,0.6349
phoq,1.1601
phop,1.1349
purb,0.2161
hfld,0.8772
mnma,0.2478
sl1344_rs06100,0.7393
sl1344_rs06105,1.6263
rlue,0.2099
icd,-0.0838
sopf,2.3529
envf,1.1088
msga,0.2737
sl1344_rs06140,-0.0107
cspf,-0.4623
pagd,0.4507
pagc,1.3355
sl1344_rs06180,-1.3036
sl1344_rs26610,-0.4916
sl1344_rs06205,-0.4665
sl1344_rs06215,0.1271
sl1344_rs06220,0.2597
sl1344_rs06225,-0.4686
sl1344_rs06230,0.8799
sl1344_rs06235,0.8393
sl1344_rs06240,2.0125
sl1344_rs06245,0.0889
sl1344_rs06250,-0.3544
sl1344_rs06255,-0.483
sl1344_rs06260,0.2596
zint,-0.0259
aada,-0.0315
sl1344_rs06280,-0.4253
sl1344_rs06285,-0.5152
sl1344_rs06290,1.2785
sl1344_rs06295,0.8183
sl1344_rs06300,0.8183
leue,0.3514
sl1344_rs06315,-0.3428
sl1344_rs06320,0.4282
sl1344_rs06330,0.2888
sl1344_rs27005,0.3914
sl1344_rs06335,-0.2411
sl1344_rs06340,0.6263
sl1344_rs06345,1.1713
sl1344_rs06350,0.7734
sl1344_rs06355,-0.0188
sl1344_rs06360,0.1467
yoai,0.3158
sl1344_rs06370,0.5465
dgcj,0.8868
sl1344_rs27010,0.4791
sl1344_rs06380,0.2364
yeag,0.6739
sl1344_rs06390,1.1537
sl1344_rs06395,0.7081
sl1344_rs06400,1.4775
sl1344_rs06405,1.2295
gapa,0.7922
msrb,-0.2881
sl1344_rs06420,0.0514
pnca,0.9956
ansa,0.8463
sppa,-0.2317
sl1344_rs06440,0.6174
seld,-0.0033
topb,0.0659
gdha,-0.7008
sl1344_rs06460,0.9961
sl1344_rs06465,0.6715
xtha,1.1856
sl1344_rs06475,0.2309
asta,0.2337
astd,-0.1949
astb,-0.3813
aste,-0.5903
spy,-2.5138
cho,-0.0874
nade,0.2702
osme,-0.5405
chbb,0.8598
chbc,0.2201
chba,0.992
chbr,1.6349
sl1344_rs06540,0.956
chbg,0.7917
kate,-2.0353
ceda,1.0313
tcyp,-0.3972
sl1344_rs06565,-0.4494
hxpb,-0.0456
sl1344_rs06575,0.3965
sl1344_rs06580,0.8078
ghos,-0.1223
sl1344_rs06595,0.6097
sl1344_rs06600,2.622
sl1344_rs06605,3.5791
sl1344_rs06610,1.3238
sl1344_rs06615,-0.3993
rfc,-0.0946
thrs,0.0375
infc,-0.1799
rpmi,-0.1477
rplt,-0.2351
phem,0.0904
phes,-0.0051
phet,-0.2244
ihfa,-0.4502
btuc,0.1743
sl1344_rs06665,0.1879
btud,-0.0315
sl1344_rs06675,1.5036
ydiv,-0.8765
selo,-0.3246
hemp,0.6431
aroh,1.1985
ppsr,0.6812
ppsa,-0.5116
fadk,-0.3963
sl1344_rs06715,0.8453
sl1344_rs06720,0.2933
sl1344_rs06725,-1.2276
sl1344_rs06730,-0.5278
sl1344_rs06735,-0.6468
sl1344_rs06740,-0.0674
sl1344_rs06745,1.1133
arod,0.6616
ydib,-0.0246
ydik,-1.0282
sl1344_rs06780,-0.3153
meni,-0.4628
sl1344_rs06790,0.9357
sl1344_rs06795,0.9108
sufa,0.1007
sufb,0.0571
sufc,-0.4772
sufd,-0.6449
sufs,-1.2308
sufe,-1.3827
ldte,0.0274
sl1344_rs06835,0.4669
lpp,-0.7127
pykf,-0.0794
sl1344_rs27985,0.541
sl1344_rs06850,0.6034
sl1344_rs06855,-1.181
sl1344_rs06865,-0.3785
ttra,0.2437
ttrc,0.464
ttrb,-0.0047
ttrs,0.2779
ttrr,-0.2927
fumd,-0.1035
mlrb,-0.4373
sl1344_rs06905,0.8581
sl1344_rs06910,1.5999
sl1344_rs06915,2.2365
spic,0.1649
spia,1.3115
ssad,1.1792
ssae,-0.9702
ssea,-0.2658
sseb,-0.0354
ssca,0.1192
ssec,0.3221
ssed,0.3921
ssee,1.0681
sscb,0.2034
ssef,0.947
sseg,0.882
ssag,1.3372
sl1344_rs06990,1.32
ssai,1.4991
ssaj,2.2296
sl1344_rs07005,2.1121
ssak,2.101
ssal,1.4943
ssam,0.6203
ssav,0.4807
ssan,0.6489
ssao,0.0394
ssap,0.0394
ssaq,-0.1774
ssar,-0.2912
ssas,0.0694
ssat,0.7908
ssau,1.3485
mdtk,0.1959
sl1344_rs07085,0.4801
cfa,1.1173
punc,-0.0706
punr,0.1253
purr,-0.278
sl1344_rs27025,0.3453
sodb,0.475
sl1344_rs07115,0.006
grxd,0.1977
rnt,0.2856
gloa,0.6568
sl1344_rs07135,0.3855
sl1344_rs07140,0.1692
sl1344_rs07145,-0.2339
sl1344_rs07150,0.0172
sodc2,-0.4838
sl1344_rs07160,-0.8948
sl1344_rs07165,0.8489
sl1344_rs07170,0.4307
slya,0.372
slyb,0.0015
anmk,0.2518
mlic,-0.1866
pdxh,0.3698
tyrs,-0.2069
pdxy,0.3768
gsta,0.747
dtpa,0.4669
nth,1.3269
sl1344_rs07225,0.3467
rsxg,-1.2078
rsxd,-1.4409
rsxc,-0.8252
rsxb,-0.1509
rsxa,0.1901
sl1344_rs07255,-0.2012
ydgt,0.6551
blr,-0.1204
sl1344_rs07270,0.4567
add,0.6644
sl1344_rs07285,1.0755
mana,-0.3297
fumb,0.0309
fumc,-0.5961
tus,0.4182
rstb,0.9084
sl1344_rs07315,0.293
ompc,-0.3044
rsta,0.0431
sl1344_rs07335,-0.0929
sl1344_rs07340,-0.9778
ydgh,-0.1855
pnta,0.2001
pntb,-0.066
sl1344_rs07360,-0.3648
sl1344_rs27990,0.6324
mdtj,0.6524
mdti,0.5338
sl1344_rs07375,0.2789
asr,-0.0336
sl1344_rs27655,-0.4768
sl1344_rs07385,-0.0975
sl1344_rs07390,-0.1107
mlc,0.5531
clcb,0.2597
osmv,0.2153
osmw,0.2406
osmx,-0.4834
osmy,-1.3218
dmsd,0.1418
sl1344_rs07435,-0.0163
ynff,0.6195
ynfe,0.1368
sl1344_rs07455,0.1888
sl1344_rs07460,0.1532
speg,-0.1127
sl1344_rs07470,0.0423
sl1344_rs07475,0.4507
rspa,0.4854
sl1344_rs07495,0.7847
ydfz,2.4605
sl1344_rs07505,-0.0119
ydfg,0.1951
dcp,0.9687
sl1344_rs07520,0.0721
sl1344_rs07525,-0.6781
sl1344_rs07530,-0.2938
mgts,-0.1097
ydee,-0.0466
eama,0.4265
marb,0.7679
mara,0.9787
marr,0.864
sl1344_rs07565,-0.5412
sl1344_rs07570,0.0096
ptrr,-0.1156
sad,-1.1668
glsb,0.4068
sl1344_rs07590,1.0778
sl1344_rs07595,0.7185
sl1344_rs07600,-0.0454
hypa,-0.025
sl1344_rs07615,0.5788
sl1344_rs07620,0.7916
sl1344_rs07625,-0.0209
hypc,0.3658
hybd,0.5835
cybh,-0.7411
sl1344_rs07645,-0.1477
sl1344_rs07650,0.4095
sl1344_rs07655,1.2209
sl1344_rs07660,0.4991
sl1344_rs07665,0.1668
sl1344_rs07670,-0.3666
sl1344_rs07675,0.4507
sl1344_rs07680,0.6796
sl1344_rs07685,-1.6545
sl1344_rs07690,1.3711
sl1344_rs07695,1.0713
sl1344_rs07700,1.2929
sl1344_rs07705,0.1257
sl1344_rs07710,0.272
sl1344_rs07720,-0.2274
sl1344_rs07725,0.4507
sl1344_rs07740,1.2153
sl1344_rs07745,0.1876
nhac,-0.5165
sl1344_rs07755,1.1293
glgx,-0.6826
trey,-0.3445
trez,0.4877
sl1344_rs07775,-0.2526
hdeb,0.6885
sl1344_rs07785,-0.8076
bdm,-1.6356
sra,-0.6802
sl1344_rs07800,-0.3857
adhp,0.6199
fdni,-0.2617
fdxh,-0.262
fdng,-0.5161
yddg,0.6588
ompd,1.048
sl1344_rs07840,1.4258
smva,0.349
sl1344_rs07850,-0.2801
sl1344_rs07855,-1.5164
sl1344_rs07860,-1.0814
narh,-0.5682
narw,0.6777
nari,1.2021
sl1344_rs07880,-0.1077
nhoa,0.0781
stea,0.8142
ansp,0.4592
sl1344_rs07900,0.0694
sl1344_rs07905,0.287
pqqu,0.8964
mcbr,0.4854
sl1344_rs07920,-0.5757
mdda,0.4584
sl1344_rs07930,0.6414
sl1344_rs07935,0.7252
srfa,0.6172
sl1344_rs07945,0.3296
srfc,0.4057
sl1344_rs07955,0.5345
yncl,-0.7491
patd,-0.1428
ycdr,0.4541
sl1344_rs07970,-0.8942
sl1344_rs07975,0.8188
sl1344_rs07980,1.4774
sifb,0.2707
sl1344_rs07990,-0.932
sl1344_rs07995,-0.4991
sl1344_rs08000,-0.4402
sl1344_rs08005,-0.2829
sl1344_rs08010,0.6271
tehb,0.9254
teha,-0.2425
ydck,0.3786
riml,0.6797
sl1344_rs08035,-0.5395
sgcb,0.1127
sgcc,0.2386
sgcq,0.9665
sgca,-0.3434
sl1344_rs08060,-0.7996
sl1344_rs08065,0.8792
aac(6'),0.506
sl1344_rs08075,0.4507
sl1344_rs08080,0.4854
sl1344_rs08085,-0.2029
sl1344_rs08090,0.3615
sl1344_rs08095,-1.369
sl1344_rs08100,-0.4742
sl1344_rs08105,1.5634
sl1344_rs08110,0.9541
sl1344_rs08115,0.1099
steb,0.4839
sl1344_rs08120,0.2853
ssej,0.7096
sl1344_rs08130,-0.031
sl1344_rs08135,-0.4425
sl1344_rs08140,-0.1949
sl1344_rs08145,0.4854
sl1344_rs08150,0.848
sl1344_rs08155,0.5514
sl1344_rs08160,1.6587
cybb,1.5758
sl1344_rs08170,1.271
hrpa,0.4573
azor,0.4258
sl1344_rs08185,-0.1186
sl1344_rs08190,0.7415
sl1344_rs08195,-0.0816
sl1344_rs08200,-0.5134
ldha,0.5215
hslj,0.1858
sl1344_rs08215,0.2033
sl1344_rs26655,0.1213
nifj,0.1912
uspf,0.4056
sl1344_rs08240,0.3281
sl1344_rs27910,0.6098
ttca,-0.5508
dbpa,0.7182
sl1344_rs28000,-0.9279
zntb,-0.5942
sl1344_rs08270,1.3647
smra,1.7145
ogt,0.485
fnr,0.1378
uspe,0.2539
sl1344_rs08295,-0.1366
sl1344_rs08300,0.7321
sl1344_rs08305,1.5877
sl1344_rs08310,1.564
sl1344_rs08320,0.848
zirs,0.4854
sl1344_rs08345,1.7288
sl1344_rs08350,0.4033
sl1344_rs08355,0.1854
bdca,-1.3556
sl1344_rs08365,0.2783
sl1344_rs08370,-0.8009
sl1344_rs08375,1.303
sl1344_rs08380,0.6986
mpaa,0.1759
ycjg,-0.4048
tpx,-0.4295
tyrr,-0.4633
sl1344_rs08405,0.9065
sl1344_rs08410,-0.266
pspe,-1.0392
pspd,0.8656
pspc,0.2366
pspb,0.437
pspa,-0.6082
pspf,-0.5588
sapa,0.3605
sapb,0.6934
sapc,-0.0101
sapd,0.1395
sapf,-0.5852
sl1344_rs08470,-1.0045
stec,-0.2531
sl1344_rs08480,-0.5874
sl1344_rs08485,-0.1133
fabi,0.2437
sl1344_rs08500,-0.1934
pder,1.4821
sl1344_rs08510,-0.2061
sl1344_rs08515,-0.0725
osmb,-1.9242
ycih,-0.7961
pyrf,-0.7076
lapb,-0.2566
sl1344_rs08540,-0.0701
pgpb,-0.3146
riba,0.5255
acna,0.5587
ymic,0.8357
sl1344_rs27500,1.0158
sl1344_rs08560,0.6483
cysb,-0.6642
topa,-0.2024
sl1344_rs08575,-0.391
sohb,0.2514
sl1344_rs08585,-0.694
cobo,-0.2707
rlub,0.3899
sl1344_rs08600,0.3178
rnm,0.0242
trpl,-1.6554
sl1344_rs08610,1.1133
trpd,-0.7437
trpcf,-0.7364
trpb,-0.5012
trpa,-0.034
sl1344_rs08635,-0.85
sl1344_rs08645,0.84
sl1344_rs08650,0.0293
ompw,0.2996
sl1344_rs08660,2.1731
sl1344_rs08665,-0.0213
sl1344_rs08670,0.5453
ycia,1.2859
tonb,0.1523
sl1344_rs08685,-0.5433
sl1344_rs27375,-1.0168
cls,0.2555
sl1344_rs08695,-0.0464
sl1344_rs08700,-0.084
oppf,0.4681
sl1344_rs08710,0.5119
oppc,1.1529
oppb,0.8523
oppa,0.3568
sl1344_rs08730,0.9672
adhe,0.817
tdk,0.6496
hns,0.4716
galu,-0.3902
rssb,0.7262
rssa,0.9004
sl1344_rs08765,0.8106
puru,0.4303
sl1344_rs08785,0.1943
narj,0.7562
sl1344_rs08805,0.6366
nark,1.1133
narx,-0.2116
narl,-0.3991
sl1344_rs08825,-0.045
sl1344_rs08830,0.4479
chab,-0.0106
chaa,0.229
kdsa,0.0528
sirb1,-0.0075
sirb2,0.0071
prmc,-0.3366
prfa,0.1414
hema,-0.4128
lolb,-0.45
ispe,-0.3474
prs,0.4588
daua,-0.0236
ychh,0.1525
pth,0.8035
ychf,-0.1912
sl1344_rs08910,-0.6461
hyaa,1.2591
hyab,0.5855
hyac,0.872
hyad,0.8799
hyae,0.3797
sl1344_rs08940,0.9159
appc,1.4168
appb,0.8942
cbdx,0.3053
sl1344_rs08960,0.445
sl1344_rs08965,-0.9295
sl1344_rs08970,-0.7806
ycgr,0.2289
emta,0.0615
ldca,0.8852
dadx,0.1564
sl1344_rs09000,-0.283
sl1344_rs09005,-0.4759
fadr,-1.3545
nhab,1.0433
dsbb,-0.1722
sl1344_rs09025,1.2458
sl1344_rs09030,2.0308
sl1344_rs09035,0.2804
sl1344_rs09040,0.4365
sl1344_rs09045,1.2602
sl1344_rs09050,1.0058
minc,0.8713
mind,0.906
mine,0.8688
rnd,0.5654
fadd,-0.6689
sl1344_rs09085,-0.4719
tsab,-0.0606
sl1344_rs09095,-0.9077
sl1344_rs09100,-0.1589
sl1344_rs09105,0.1348
pabb,0.408
sl1344_rs09115,0.3472
sdaa,-0.1426
sl1344_rs09125,-0.2516
yoae,0.9269
sl1344_rs28010,1.0951
manx,0.6055
many,0.8409
sl1344_rs09150,0.3975
sl1344_rs09155,-0.4862
mntp,0.4422
rlma,0.4681
sl1344_rs09180,-0.6356
sl1344_rs09185,-0.1928
mgrb,0.672
yobh,0.5096
kdgr,0.3301
sl1344_rs09205,-0.3532
htpx,-0.5321
prc,-0.8517
proq,-0.8034
sl1344_rs09225,-0.37
yebs,-0.1447
sl1344_rs09235,-1.1385
rsmf,0.7379
sl1344_rs09245,-0.5781
sl1344_rs09250,-0.7351
ppha,-0.5149
sl1344_rs27915,0.1656
sl1344_rs09260,0.0735
sope2,2.1485
sl1344_rs09270,0.2847
sl1344_rs09275,0.4236
sl1344_rs09280,-0.7486
sl1344_rs09290,-0.0705
sl1344_rs09305,0.1607
sl1344_rs09310,-0.3785
sl1344_rs09315,0.4507
sl1344_rs28020,-0.4772
sl1344_rs25410,0.1069
pagk,-0.2297
sl1344_rs09335,0.5259
sl1344_rs09340,0.543
sl1344_rs09345,-0.097
sl1344_rs09370,0.2315
copd,0.1165
yoba,0.3582
sl1344_rs09385,0.3575
sl1344_rs09390,-0.1877
exox,-0.0923
ptrb,0.461
sl1344_rs09405,-0.5222
yebf,0.098
yebg,-0.0724
purt,0.2431
kdga,0.0358
edd,-0.4702
zwf,0.1692
sl1344_rs09440,0.1622
pyk,0.2582
lpxm,0.2749
mepm,-0.3258
znua,-0.6477
znuc,0.5886
znub,0.1565
ruvb,-0.0519
ruva,-0.4013
sl1344_rs09490,0.5618
ruvc,0.2024
sl1344_rs09500,0.1359
nudb,0.2844
asps,-0.1547
sl1344_rs09515,-0.8357
sl1344_rs09520,-0.2275
sl1344_rs09525,-0.8573
cmoa,0.3151
cmob,0.5211
cutc,-1.4104
sl1344_rs09545,-0.621
args,0.1219
sl1344_rs09560,1.1579
flhe,0.5452
flha,0.2996
flhb,1.1178
chez,0.9645
chey,1.2362
cheb,0.995
cher,1.2515
tar,1.363
chew,1.1768
chea,1.051
motb,1.1154
mota,0.8669
flhc,1.0294
flhd,1.3723
sl1344_rs09635,-0.1768
uspc,-0.6339
otsa,-0.6936
otsb,-0.9799
sl1344_rs09660,0.013
sl1344_rs09665,0.035
sl1344_rs09670,0.2784
sl1344_rs09675,1.3417
ftna,0.5566
sl1344_rs09685,1.1958
tyrp,0.0682
sl1344_rs09695,0.1884
sl1344_rs09700,1.657
sl1344_rs09705,0.728
sl1344_rs09710,1.0163
pgsa,-0.5138
uvrc,0.1645
uvry,0.445
sl1344_rs09745,0.9802
sl1344_rs09750,0.8847
sdia,1.0561
tcyn,-0.511
tcyl,-0.1875
dcyd,-0.0641
tcyj,1.2658
fliz,1.1371
sl1344_rs09785,0.6897
flib,0.7504
sl1344_rs09800,1.9026
flid,1.2779
flis,1.9074
flit,1.3811
amya,1.0988
yedd,0.4275
yede,-0.309
yedf,0.6277
sl1344_rs09840,1.6681
flie,1.8821
flif,0.8902
flig,0.4109
flih,1.9199
flii,1.0965
flij,1.5945
flik,1.1603
flil,1.1859
flim,1.0669
flin,1.273
flio,1.3277
flip,0.9741
fliq,1.3573
flir,1.8639
rcsa,-0.2505
dsrb,0.2805
yodd,-0.4989
sl1344_rs09930,-0.4772
dgcq,-0.0047
sl1344_rs09940,-1.0882
sl1344_rs09945,-0.6858
yeda,-0.2828
sl1344_rs09955,0.3044
sl1344_rs09960,0.666
sl1344_rs09965,-0.2485
drpb,0.754
omps1,2.7637
sl1344_rs25455,-0.5818
sl1344_rs09980,-0.7896
sl1344_rs09985,-0.1933
sl1344_rs09990,0.7281
ssek3,0.3876
sl1344_rs10005,-0.3132
sl1344_rs10010,-0.1759
sl1344_rs10015,-0.5918
sl1344_rs10030,0.4264
sl1344_rs10035,0.203
sl1344_rs10040,0.4739
sl1344_rs10045,0.2786
sl1344_rs10050,0.1253
sl1344_rs10055,1.1353
sl1344_rs10060,1.1973
sl1344_rs10065,0.5095
sl1344_rs24850,-0.3666
sl1344_rs10070,0.464
sl1344_rs10075,-0.004
sl1344_rs10080,-1.121
sl1344_rs10085,0.6588
sl1344_rs10090,0.4074
sl1344_rs10095,0.4264
sl1344_rs10100,0.8453
sl1344_rs10105,-0.7881
ymfr,-0.3785
sl1344_rs10115,-0.5202
sl1344_rs10120,1.1811
sl1344_rs25470,1.0886
sl1344_rs10130,-1.6856
sl1344_rs10140,-0.1983
sl1344_rs10145,0.4123
sl1344_rs10150,0.0148
sl1344_rs25475,0.064
sl1344_rs10155,-0.3525
sl1344_rs10160,-0.1054
sl1344_rs10165,0.9674
sl1344_rs10170,0.9368
sl1344_rs10175,0.9396
sl1344_rs10180,0.6868
sl1344_rs10195,0.4507
sl1344_rs10200,-1.0454
sl1344_rs10205,-2.9424
sl1344_rs10210,1.0139
sl1344_rs10215,-0.2367
sl1344_rs10225,1.6461
sl1344_rs10230,0.8882
sl1344_rs10235,0.8453
sl1344_rs10240,0.4854
sl1344_rs10245,0.4854
sl1344_rs10250,0.4854
sl1344_rs10255,-0.85
sl1344_rs10260,-0.0673
sl1344_rs10265,0.4854
sl1344_rs10270,-0.2124
mtfa,-0.3719
sl1344_rs10305,0.4397
sl1344_rs10315,0.482
sl1344_rs10320,0.0158
sl1344_rs27510,1.8823
sl1344_rs10330,0.2119
sl1344_rs10335,0.8254
sl1344_rs10340,-0.2223
sl1344_rs10360,0.5914
ldta,-0.2096
cobt,0.6301
cobs,0.3747
cobu,0.9368
sl1344_rs10395,0.7592
sl1344_rs10400,-0.2128
sl1344_rs10405,-0.4186
sl1344_rs10410,0.7908
cbim,0.4589
sl1344_rs10420,0.6163
cbik,-0.4311
sl1344_rs10430,-0.672
sl1344_rs10435,-0.7027
cbig,1.2605
sl1344_rs10445,1.8334
sl1344_rs10450,2.3923
sl1344_rs10455,2.1656
cbid,0.6325
sl1344_rs10465,1.0681
cbib,1.0491
sl1344_rs10475,0.32
pocr,0.9653
pduf,-0.1471
pdua,-0.4791
pdub,-0.2297
pduc,-1.0684
pdud,-1.0361
pdue,-0.6959
pdug,-0.546
pduk,0.0694
sl1344_rs10535,0.4397
pdum,0.4667
pdun,0.1041
pduo,-0.3813
pdup,-0.1371
pduq,0.4507
pdus,-0.6684
pdut,0.4507
pduu,0.4507
pduv,0.8453
pduw,0.5359
pdux,0.2037
sl1344_rs10595,0.3444
sl1344_rs10600,-0.1543
sbmc,0.2749
dacd,0.2209
phsc,0.8415
phsb,0.6886
phsa,0.6721
sopa,1.4903
sbcb,0.494
plap,-0.2557
yoei,-0.0029
sl1344_rs10645,0.3123
sl1344_rs10650,0.2179
hisl,-0.6057
hisg,0.4541
hisd,-0.4384
hisc,-0.6554
hisb,-1.1081
hish,-0.3896
hisa,0.2929
hisf,-0.2473
hisie,0.3909
wzzb,-0.8989
ugd,0.2493
gnda,0.3491
sl1344_rs10710,-0.0757
rfbk,-0.0759
sl1344_rs10720,0.3599
rfbn,0.4852
sl1344_rs10730,-0.6692
rfbv,0.3181
sl1344_rs10740,-0.066
rfbj,-0.0645
rfbh,-0.0945
rfbg,-0.2433
rfbf,-0.132
sl1344_rs10765,-0.0865
rfbc,0.4013
rfba,0.1864
rfbd,-0.2677
rfbb,0.0756
galf,-0.9434
wcam,1.0909
wcal,0.138
wcak,-1.3178
wzxc,-0.1367
wcaj,-1.4179
gmd,0.4507
wcaf,0.4507
wcae,0.482
wcac,0.4854
wcab,0.848
wcaa,0.4871
wzc,-0.4088
wzb,-0.3813
sl1344_rs10895,-0.3909
asma,-0.2459
dcd,0.0156
udk,0.8616
sl1344_rs10915,-0.4172
alka,-0.8002
yegd,0.8835
sl1344_rs27385,-1.0276
mdta,-0.2146
mdtb,0.0282
mdtc,-0.0655
sl1344_rs10945,0.6409
baes,0.1051
baer,-0.3488
sl1344_rs10960,0.7908
sl1344_rs10965,0.4095
sl1344_rs10970,0.5402
yegq,0.1647
ssek2,0.7101
sl1344_rs10985,1.1375
sted,0.8364
yegs,-0.7704
fbab,-0.4032
sl1344_rs11010,-1.5876
sl1344_rs11015,-0.0817
sl1344_rs11020,-0.7814
sl1344_rs11025,-0.1295
thid,-0.608
thim,-0.0091
rcnb,-0.4786
sl1344_rs11050,0.203
yehd,-0.3813
sl1344_rs11065,0.595
apbc,-0.4639
metg,0.407
sl1344_rs11080,0.5446
sl1344_rs11085,0.1313
sl1344_rs11090,-0.4195
btsr,0.138
sl1344_rs11100,0.5556
mlra,-0.1301
sl1344_rs11110,-0.2581
sl1344_rs11115,-0.2835
sl1344_rs11120,0.4222
sl1344_rs11125,-0.3528
sl1344_rs11130,-0.3016
bglx,-0.1966
dld,-0.0652
pbpg,-0.3924
sl1344_rs11150,0.4283
sl1344_rs11155,-0.1745
sl1344_rs11160,0.3234
mdtq,0.7073
yohp,-0.1355
dusc,-0.2515
sl1344_rs11175,0.4637
maia,0.1041
sl1344_rs11185,0.4854
gtda,-0.8124
sl1344_rs11200,-0.016
sl1344_rs11205,-0.43
sl1344_rs11210,-0.3014
cdd,0.301
sana,0.4611
sl1344_rs11225,0.0282
sl1344_rs11230,1.0886
prea,0.8689
mglc,1.358
mgla,-1.4867
mglb,-0.8154
gals,-0.3236
yeib,-0.5971
fole,-0.0912
fgha,0.8769
sl1344_rs11275,0.8788
sl1344_rs11280,-0.2132
serb,-0.5814
sl1344_rs11290,0.8524
cira,0.4055
lysp,-0.7452
yiee,-0.0867
sl1344_rs11310,0.1517
nfo,0.6401
frua,-0.2005
fruk,-0.3625
frub,-0.2753
setb,-0.358
sl1344_rs11340,-0.2693
sl1344_rs11345,0.1007
sl1344_rs11350,-0.0018
yeip,0.1071
sl1344_rs11360,0.0388
sl1344_rs11365,-0.3381
meps,-0.3329
sl1344_rs11375,0.3266
sl1344_rs11380,1.0977
sl1344_rs11385,0.7979
sl1344_rs11390,1.1862
yejf,-0.6789
sl1344_rs11400,-0.862
sl1344_rs11410,0.571
rsua,0.3542
sl1344_rs11420,0.2105
rply,-0.0148
sl1344_rs11430,0.0011
yejk,0.3574
sl1344_rs11440,0.1049
yejm,0.1146
sl1344_rs11455,0.2491
sl1344_rs11460,-0.3813
sl1344_rs11465,1.6058
sl1344_rs11470,0.84
sl1344_rs11475,-0.852
sl1344_rs11480,-0.4013
sl1344_rs11495,0.0965
sl1344_rs11500,0.0181
sl1344_rs11505,0.2651
ssph2,0.0751
sl1344_rs11530,-0.2297
narp,-0.1119
sl1344_rs11545,0.1442
dsbe,0.6195
sl1344_rs11555,1.4004
ccme,0.3956
ccmd,0.6393
sl1344_rs11570,0.6234
ccmb,0.7954
ccma,0.477
napc,-0.2943
napb,0.7908
naph,0.0576
napg,-0.1861
napa,0.9526
napd,1.3372
napf,1.1133
eco,-0.5961
sl1344_rs11625,-0.7113
alkb,0.9661
ada,0.5553
apbe,0.4708
sl1344_rs11645,0.6212
rcsd,0.4011
rcsb,0.1655
rcsc,-0.2135
gyra,-0.4718
sl1344_rs11670,-0.5529
sl1344_rs11675,-0.3785
sl1344_rs11680,-0.7326
ubig,-0.1587
nrda,-0.6039
nrdb,-0.0874
yfae,-0.15
sl1344_rs11705,-0.1294
sl1344_rs11710,0.0304
glpq,-0.0376
glpt,-0.3649
glpa,0.348
glpb,0.2264
glpc,0.2951
ssel,1.0973
sl1344_rs26725,0.4064
yfau,0.4285
sl1344_rs11755,0.8836
rhmd,1.012
sl1344_rs11765,0.4397
sl1344_rs11770,-0.3709
sl1344_rs11775,0.3097
nudi,1.1754
pmrg,-0.2312
arnb,0.0091
arnc,-0.6048
arna,-0.3542
arnd,-0.6891
arnt,0.5285
arne,0.4671
arnf,0.8385
pmrd,0.3209
mene,-1.0132
menc,-0.9765
menb,-0.2732
menh,-0.7359
mend,0.5948
menf,-0.0025
elab,0.9755
sl1344_rs11865,1.2211
rbn,0.8289
sl1344_rs11875,0.7285
sl1344_rs11880,0.286
sl1344_rs27390,-0.422
nuon,-0.5314
nuom,0.2482
nuol,-0.6882
nuok,-0.7268
nuoj,-0.7318
nuoi,-0.0553
nuoh,-0.4105
nuog,-0.6503
nuof,-0.8753
nuoe,-0.0429
nuoc,0.1498
nuob,-0.0768
nuoa,-0.0229
sl1344_rs11950,-0.8506
lrha,-0.2273
alaa,0.2744
yfbr,0.0404
sl1344_rs11970,-0.229
sl1344_rs11975,0.2567
sl1344_rs11980,0.1169
yfbv,0.1073
acka,0.9578
yfcc,-0.3031
sl1344_rs12005,0.8882
sl1344_rs12010,0.4397
sl1344_rs12015,-0.3813
sl1344_rs12025,-0.3813
sl1344_rs12035,0.8319
yfcd,0.5399
yfce,1.8445
yfcf,1.4102
yfcg,0.8391
sl1344_rs12060,-0.9661
hisp,-0.2678
hism,-0.1902
sl1344_rs12075,-0.8386
hisj,-0.4783
argt,-1.6999
sl1344_rs12090,-0.1326
sl1344_rs12095,-0.053
sl1344_rs12100,-0.6803
sl1344_rs12105,-0.0246
sl1344_rs12110,-0.7821
sl1344_rs12115,-0.9037
purf,-0.035
cvpa,-0.7729
dedd,-0.3591
folc,0.0212
accd,-0.067
sl1344_rs12145,-0.51
trua,-0.1116
sl1344_rs12155,0.7249
pdxb,0.6453
flk,0.3873
sl1344_rs12170,-0.0926
sl1344_rs12175,1.1309
sl1344_rs12185,0.482
sl1344_rs12190,0.7524
sl1344_rs12195,0.0258
fabb,-0.6031
mnmc,-0.1472
sl1344_rs12210,-0.121
sl1344_rs12215,0.2353
sl1344_rs12220,0.368
mepa,1.3887
aroc,1.1939
prmb,0.7481
smrb,-0.4686
sixa,-0.7146
fadj,-0.1726
fadi,-0.3798
sl1344_rs12260,-0.1817
fadl,-0.0899
mlaa,0.3111
sl1344_rs12275,0.0056
pgte,1.6485
pgta,-0.3219
pgtb,0.8433
pgtc,0.3956
pgtp,-0.5256
sl1344_rs12315,-2.2458
lpxp,-0.8347
ypdk,-0.5531
alac,0.6236
glk,0.5587
sl1344_rs12340,0.2872
sl1344_rs12345,0.3397
mgra,-0.0101
ypec,-0.341
sl1344_rs12360,0.4412
sl1344_rs28040,0.3902
nupc,1.5533
sl1344_rs12370,0.801
sl1344_rs12385,-0.0589
sl1344_rs12390,0.3386
gltx,-0.0443
sl1344_rs12420,0.4162
sl1344_rs12425,0.4507
sl1344_rs12430,-0.2025
sl1344_rs12440,-0.7555
sl1344_rs12445,-0.749
sl1344_rs12450,0.24
sl1344_rs12455,-0.0682
liga,0.289
zipa,0.2025
cysz,0.8765
cysk,-0.6354
ptsh,1.0306
ptsi,0.1636
crr,-0.0512
sl1344_rs12500,0.2755
pdxk,0.1769
ptsj,-0.3448
sl1344_rs12515,1.0442
sl1344_rs12520,-0.4251
sl1344_rs12525,-0.2086
cysm,-0.3222
cysa,-0.7546
cysw,-1.1866
cyst,-0.6373
cysp,1.0696
ucpa,0.4793
yfex,-0.0766
sl1344_rs12565,-0.5389
sl1344_rs12570,-0.0381
sl1344_rs12575,-0.8143
amia,0.3155
hemf,0.0402
sl1344_rs12590,-0.5197
sl1344_rs12595,0.1334
eutr,-0.0612
eutk,0.0694
eutl,-0.2297
eutc,-0.1949
eutb,0.732
euta,-0.6232
euth,-0.012
eutj,0.9972
sl1344_rs12645,0.4854
eutt,-0.3785
eutq,-1.5156
maeb,0.1986
tkt,-0.2479
sl1344_rs12705,0.188
sl1344_rs12710,-0.864
nudk,-0.0976
pbp4b,-0.6545
aega,0.3672
narq,0.2031
acrd,-1.0529
ypfm,0.5887
sl1344_rs12740,-0.5553
dape,-0.0666
sl1344_rs12750,0.1889
tmca,-0.4346
sl1344_rs12760,-0.7736
purc,0.2448
bamc,-0.675
dapa,-0.2546
sl1344_rs12780,-0.2746
bcp,0.3461
sl1344_rs12795,-0.104
bepa,0.4222
arsc,0.3008
sl1344_rs12810,-0.1997
uraa,0.6416
upp,0.9482
purm,0.5053
purn,0.3403
ppk1,0.554
ppx,-0.4285
sl1344_rs12845,0.782
sl1344_rs12850,0.2606
sl1344_rs12855,1.3279
sl1344_rs25640,1.746
sl1344_rs12860,1.7229
guaa,0.0584
guab,0.1377
xsea,0.1136
shda,-0.2652
rata,0.3374
sl1344_rs12900,0.732
sinh,-0.4013
sl1344_rs12910,0.044
der,-0.4172
bamb,-0.6757
sl1344_rs12925,-0.4687
hiss,-0.458
ispg,-0.1483
rodz,-0.6725
sl1344_rs12945,-0.1313
ndk,0.0847
sl1344_rs12955,0.8562
sl1344_rs12960,-0.0393
sl1344_rs12965,0.2784
sl1344_rs12970,0.213
pbpc,-1.0711
sl1344_rs12980,-1.0553
sl1344_rs12990,0.8656
timp,-0.4479
pepb,-0.1506
iscx,0.0503
fdx,0.5687
hsca,0.0826
hscb,0.7327
isca,0.2384
iscu,0.0883
iscs,0.7536
iscr,0.606
trmj,0.4333
suhb,-0.2286
sl1344_rs13055,0.0305
asra,0.6774
asrb,1.1542
asrc,-0.5595
sl1344_rs13075,-0.1548
sl1344_rs13080,0.1953
csie,-0.3179
sl1344_rs13090,0.4767
glya,0.2689
hmpa,-0.475
cadc,-0.3226
cadb,-0.0806
cada,0.3462
dtpd,0.682
glnb,0.6219
glrr,0.4479
qseg,-0.079
qsee,-0.186
purl,-0.6149
sl1344_rs13150,1.354
mltf,0.7136
tada,-0.1328
yfhb,-1.2568
sl1344_rs13170,-1.8863
murq,-0.9073
sl1344_rs13180,0.1584
sl1344_rs13185,1.1559
sl1344_rs13195,0.4307
sl1344_rs13200,0.4427
acps,0.9063
pdxj,0.4579
reco,0.1767
era,0.2041
rnc,0.6854
lepb,-0.2884
lepa,0.2165
gogb,0.5276
sl1344_rs25680,1.1133
sl1344_rs13255,-0.3813
sl1344_rs13265,0.2734
sl1344_rs13270,0.1041
sl1344_rs13275,-0.0799
sl1344_rs13285,0.4397
sl1344_rs13290,-0.1752
sl1344_rs13295,0.455
sl1344_rs13300,0.8199
sl1344_rs13305,-0.852
sl1344_rs13315,-1.8996
sl1344_rs13320,-0.8389
sl1344_rs13325,0.0013
sl1344_rs13330,-0.3787
sl1344_rs13335,0.017
sl1344_rs13340,-0.1367
sl1344_rs13345,-0.8615
sl1344_rs13350,-0.6803
sl1344_rs13355,0.7307
sl1344_rs13360,-0.5719
sl1344_rs13365,-0.852
sl1344_rs13370,-0.1774
sl1344_rs13375,0.0721
plig,0.2338
sl1344_rs13385,0.8996
sl1344_rs13390,0.7096
goga,1.2172
sl1344_rs13405,0.6858
sl1344_rs13415,0.7347
sl1344_rs13420,-0.3813
sl1344_rs13430,1.3066
sl1344_rs27720,0.8904
sl1344_rs13440,0.6312
sl1344_rs25705,0.1999
sl1344_rs13450,0.1758
sl1344_rs13460,0.7707
sl1344_rs13465,0.258
sl1344_rs13470,1.1155
sl1344_rs13475,0.2606
sl1344_rs13480,0.848
sl1344_rs13485,0.258
sl1344_rs13490,1.5659
sl1344_rs13495,1.9171
sl1344_rs13500,1.186
sl1344_rs13505,0.0214
sl1344_rs13510,-0.0211
sl1344_rs27515,-1.2295
sl1344_rs13520,0.9322
sl1344_rs13525,1.3391
sl1344_rs13530,0.8183
sl1344_rs13540,-1.0268
rsec,-0.5829
rseb,-1.0647
rsea,-1.1319
rpoe,-1.2594
rsed,-1.1986
nadb,0.2283
trmn,0.3018
srmb,0.4297
sl1344_rs13580,-0.171
eamb,0.2332
grca,0.4299
ung,-0.0069
sl1344_rs13600,0.882
trxc,1.0117
tapt,0.3866
pat,-0.4392
pssa,-0.4062
sl1344_rs13625,-0.0232
sl1344_rs13630,0.3765
sl1344_rs13635,1.3643
clpb,-1.7097
yfih,-0.4847
rlud,-0.6365
bamd,-0.0874
raia,0.3845
phel,-1.1833
phea,0.017
sl1344_rs13690,-0.563
tyra,-0.5
arof,-0.0581
sl1344_rs13705,0.2809
dgcn,-0.4716
sl1344_rs13715,0.6041
sl1344_rs13720,0.9011
sl1344_rs13725,0.5918
sl1344_rs25725,0.4854
sl1344_rs13745,0.4854
sl1344_rs13750,0.8453
sl1344_rs13755,0.2055
sl1344_rs27405,0.4432
sl1344_rs13765,-0.6885
sl1344_rs13770,-0.3785
sl1344_rs13775,0.2328
sl1344_rs13780,0.9427
sl1344_rs25730,0.731
rpls,0.0688
trmd,-0.0125
rimm,-0.1294
rpsp,-0.0032
ffh,0.1112
sl1344_rs13810,0.1017
sl1344_rs13815,-0.2213
sl1344_rs13820,0.435
grpe,0.0982
nadk,0.6393
recn,-0.0704
bame,0.5097
sl1344_rs13845,0.1782
sl1344_rs13850,-0.0286
smpb,0.4341
bapa,-0.0822
sl1344_rs13865,1.3459
sl1344_rs13870,0.8537
sl1344_rs13875,0.6323
sl1344_rs13880,-0.3137
sl1344_rs13885,0.5365
sl1344_rs13890,0.1035
sl1344_rs13895,0.1035
sl1344_rs13905,-0.3813
sl1344_rs13910,-0.3813
sl1344_rs13915,0.8689
sope,2.9623
sl1344_rs13930,2.3613
sl1344_rs13935,0.0939
sl1344_rs13940,0.028
sl1344_rs13945,0.2842
sl1344_rs13960,0.4507
sl1344_rs13965,0.4507
lysc,-0.4764
sl1344_rs13975,-0.3785
sl1344_rs13980,-1.1391
sl1344_rs13985,-0.3785
sl1344_rs14015,0.7908
sl1344_rs14020,0.1719
sl1344_rs14025,0.4882
sl1344_rs14030,0.1793
sl1344_rs14040,1.5335
sl1344_rs14045,1.3781
sl1344_rs14050,0.6181
sl1344_rs14055,0.8018
sl1344_rs14065,-0.7958
sl1344_rs14070,-0.4459
sl1344_rs14075,-0.1983
sl1344_rs14080,-0.3785
sl1344_rs14085,0.2987
sl1344_rs14090,-0.2517
sl1344_rs14095,-0.0317
sl1344_rs14100,0.5047
sl1344_rs14105,-0.0078
sl1344_rs14110,0.3937
sl1344_rs14115,-0.3173
sl1344_rs14120,-0.2388
sl1344_rs14125,0.165
sl1344_rs14130,0.5015
sl1344_rs14135,-0.1054
sl1344_rs14140,0.4695
sl1344_rs14145,0.4668
sl1344_rs14150,0.4668
sl1344_rs14155,-0.1287
sl1344_rs24860,-0.5601
sl1344_rs14165,1.0886
sl1344_rs14170,0.8183
sl1344_rs14175,-0.229
sl1344_rs14190,-0.5874
sl1344_rs14195,-1.1559
sl1344_rs14200,-0.2379
sl1344_rs14210,-1.3827
sl1344_rs14215,-0.2338
sl1344_rs14220,0.3177
sl1344_rs14225,-0.1906
sl1344_rs14230,0.4123
sl1344_rs14235,0.4507
sl1344_rs14240,0.8183
sl1344_rs14245,0.8183
sl1344_rs14250,0.9552
sl1344_rs14255,0.4398
hxla,0.4854
sl1344_rs14270,-0.3785
sl1344_rs14280,0.0864
sl1344_rs14290,0.7908
sl1344_rs14295,0.4891
sl1344_rs14300,-0.1334
sl1344_rs14305,-0.0227
sl1344_rs14320,-0.5341
sl1344_rs14325,-0.1721
sl1344_rs14335,0.3253
flja,0.1734
sl1344_rs14345,0.6541
hin,0.9439
irob,-0.4675
iroc,-0.2667
sl1344_rs14365,0.1106
sl1344_rs14370,-0.5313
sl1344_rs14375,-0.7027
sl1344_rs25775,-0.3482
pipb2,0.3542
sl1344_rs14390,1.719
sl1344_rs14395,1.2031
sl1344_rs14405,0.3526
sl1344_rs14410,0.2164
tctd,-0.1667
sl1344_rs14425,1.0509
sl1344_rs14430,0.482
sl1344_rs14435,-0.4737
glah,0.4854
lhgo,0.1407
gabd,-0.0827
gabt,-0.5201
gabp,0.4506
csir,0.7859
lysm,-0.2755
sl1344_rs14475,-0.1572
sl1344_rs14480,-0.1262
sl1344_rs14485,-0.2299
sl1344_rs14490,-0.2928
stpa,1.4218
alae,0.5347
sl1344_rs14505,0.3921
sl1344_rs14510,-0.1733
sl1344_rs14515,0.2442
sl1344_rs14520,0.1619
nrdi,-0.3785
nrde,-0.5839
nrdf,0.0208
prov,0.1668
prow,1.1838
prox,0.592
sl1344_rs14565,-0.0515
mpra,0.0822
emra,-0.1813
emrb,-0.2395
sl1344_rs14585,-0.0216
luxs,0.4332
gsha,-0.0664
sl1344_rs14600,0.0531
yqab,0.5113
csra,0.0529
alas,0.3967
recx,0.4812
reca,0.2995
pncc,-0.4277
sl1344_rs27740,1.2741
mltb,0.754
srla,0.482
sl1344_rs14670,0.8018
srlb,0.4587
srld,0.2783
gutm,0.1069
srlr,1.2039
gutq,0.5305
norr,0.6455
norv,-0.5333
norw,0.839
hypf,0.2367
hydn,0.5133
sl1344_rs14730,-0.2838
hyci,0.1509
sl1344_rs14740,0.5603
hycg,0.6266
hycf,0.3177
hyce,0.1607
sl1344_rs14760,0.2606
hycc,-0.4806
hycb,0.7674
hyca,0.1305
hypb,0.087
hypd,0.2776
hype,0.2853
sl1344_rs14810,0.1229
sita,-0.7946
sitb,-1.327
sitc,1.1131
sitd,0.587
avra,2.1751
sprb,1.8449
hilc,1.3567
sl1344_rs14850,1.5363
orgb,2.302
orga,1.663
prgk,2.1036
prgj,2.4354
prgi,2.681
prgh,2.2941
hild,2.0822
hila,3.4046
iagb,3.8229
sptp,1.8335
sicp,3.0877
sl1344_rs14910,2.5489
sl1344_rs14915,2.5093
sipa,2.6291
sipd,2.4813
sipc,2.9487
sipb,3.3379
sica,3.4023
spas,2.3005
spar,2.1599
spaq,1.1363
spap,1.3297
spao,1.9887
span,2.8516
spam,2.5877
invc,1.9428
spak,1.8786
inva,2.1314
inve,2.6968
invg,2.4005
invf,2.1761
invh,0.9336
sl1344_rs15015,1.0841
sl1344_rs15020,1.5465
sl1344_rs15025,0.138
sl1344_rs15030,1.7844
sl1344_rs15035,1.5979
pphb,-0.1961
sl1344_rs15050,0.4853
muts,0.5068
sl1344_rs15060,0.6777
sl1344_rs15065,-0.1371
sl1344_rs15070,0.5166
sl1344_rs15075,-1.2004
dend,0.0694
sl1344_rs15085,-0.3813
sl1344_rs15090,0.4854
otnk,-1.0738
ltnd,-0.2297
ygbi,-0.489
sl1344_rs15110,0.4634
sl1344_rs15115,-0.852
sl1344_rs15120,-0.4013
sl1344_rs15125,-0.8091
rpos,-0.798
nlpd,-1.1205
sl1344_rs27745,-0.3603
sl1344_rs15140,-0.314
sure,-0.4062
trud,-0.0332
ispf,0.4592
ispd,0.1102
ftsb,-1.0906
sl1344_rs15170,0.2194
cysc,0.4676
cysn,0.9113
cysd,-1.1581
sl1344_rs15190,-0.8796
cas2e,-0.6323
cas1e,-0.1623
cas6e,0.8183
cas5e,-0.0826
cas7e,0.0694
casa,-0.4772
sl1344_rs15230,-0.9769
sopd,1.2257
cysh,-0.44
cysi,-0.757
cysj,-1.0443
qued,-0.3829
sl1344_rs15260,-0.4689
quee,-0.4354
eno,-0.2331
pyrg,-0.1558
mazg,-0.3386
sl1344_rs15285,-0.0305
sl1344_rs15290,-0.2328
rela,-0.3842
rlmd,-0.2831
bara,-0.1793
sl1344_rs15310,-0.5657
gudd,1.1497
sl1344_rs15320,-0.0194
gudp,0.8868
sl1344_rs25850,0.2362
sl1344_rs15330,-0.111
truc,-0.6619
sl1344_rs15340,0.8624
syd,-0.0804
quef,0.6147
ppnn,0.0193
sdac,0.5468
sdab,0.7755
xni,1.3125
fuco,-1.4268
fuca,-0.2555
fucp,0.2991
fuci,0.1407
fuck,1.5801
fucu,1.9209
fucr,0.2507
rlmm,-0.1761
sl1344_rs15420,-0.3739
gcva,-0.4355
sl1344_rs15430,-0.3628
csda,-0.3261
csde,0.0828
rard,0.0706
tcda,-0.85
mlta,-0.4001
amic,0.6132
arga,-0.9247
recd,-0.8517
recb,0.0537
ptra,-0.362
recc,-1.3237
sl1344_rs15500,-0.3215
sl1344_rs15505,-0.1949
sl1344_rs15510,-0.1926
sl1344_rs15515,-0.1926
thya,0.2023
lgt,-0.0098
ptsp,-0.3018
rpph,0.2549
muth,-0.3903
sl1344_rs15555,0.3496
sl1344_rs15560,0.1538
sl1344_rs15565,0.5275
lplt,-0.012
aas,-0.4765
galr,-0.2127
sl1344_rs15585,0.1862
lysa,1.2985
sl1344_rs15595,0.2142
sl1344_rs15600,0.0995
arae,1.358
kdud,1.168
kdui,0.2014
sl1344_rs15620,-0.7607
sl1344_rs15625,-0.7412
sl1344_rs15630,0.2633
sl1344_rs15635,0.1698
rcnr,-0.0821
sl1344_rs15645,-0.7846
sl1344_rs15650,0.4093
sl1344_rs15660,-0.3993
stdc,-0.6803
stdb,-0.6544
sl1344_rs15675,0.4854
sl1344_rs15680,-2.6141
sl1344_rs15685,-2.6913
vapc,0.1518
vapb,-0.1666
sl1344_rs15700,0.482
sl1344_rs15705,0.5386
acts,-0.0412
idi,0.4048
lyss,0.4345
prfb,0.488
recj,0.0588
dsbc,0.2889
xerd,0.2781
fldb,0.4753
sl1344_rs15755,0.0208
sdhe,0.1159
ygfz,0.5078
trha,-0.274
yqfb,0.34
bgla,-0.3754
sl1344_rs15790,0.4667
gcvp,0.9446
gcvh,0.8712
gcvt,1.8996
ubii,-0.4274
ubih,-0.2842
pepp,-0.3622
sl1344_rs15825,-0.157
zapa,-0.0008
sl1344_rs15835,0.1727
sera,-0.1942
rpia,0.9127
argp,-1.2464
sl1344_rs15860,-1.1661
argo,0.1047
sl1344_rs15870,-0.6256
fbaa,0.4678
pgk,0.5182
epd,0.1634
sl1344_rs15890,1.0804
sl1344_rs15895,0.1972
sl1344_rs15900,0.1605
sl1344_rs15905,-0.5511
sl1344_rs15910,-0.1082
sl1344_rs15920,-0.1598
speb,0.5563
sl1344_rs15930,-1.0443
sl1344_rs15940,-0.1949
sl1344_rs15945,0.9795
sl1344_rs15950,0.7303
sl1344_rs27855,-0.0509
sl1344_rs15960,0.622
sl1344_rs15965,-0.6449
spea,0.2492
yqgb,0.8037
sl1344_rs27860,0.4705
sl1344_rs25905,0.8839
metk,0.6753
galp,-0.0737
sl1344_rs15995,0.4516
enda,0.2784
rsme,-0.6761
gshb,0.3304
sl1344_rs16015,-0.2622
ruvx,0.1986
sl1344_rs16025,-0.4176
sl1344_rs16030,0.77
sl1344_rs16035,-0.1491
sl1344_rs16040,-0.3166
yggu,-0.2348
sl1344_rs16050,-0.0174
hemw,-0.1508
sl1344_rs16060,0.0758
ansb,-0.423
sl1344_rs16070,-0.9924
sl1344_rs16075,0.4132
trmb,-0.0999
muty,-0.1288
sl1344_rs16090,0.8193
mltc,0.1408
sl1344_rs16100,-0.1267
sl1344_rs16105,-0.0986
sl1344_rs16115,-0.107
sl1344_rs16125,1.3084
ripa,1.1155
ripb,0.143
ripc,-0.2513
ripr,0.1159
sl1344_rs16150,0.0514
sl1344_rs16155,0.6428
sl1344_rs16160,-1.6346
sl1344_rs16165,0.4852
sl1344_rs16170,0.2224
sl1344_rs16175,1.2976
sl1344_rs16180,0.8205
sl1344_rs16185,0.4236
irad,0.4872
sl1344_rs16195,0.5043
sl1344_rs16200,0.7908
uxua,0.6361
sl1344_rs16220,-0.9698
uxac,0.2903
sl1344_rs16230,0.8481
gss,-0.0948
yghu,-0.2764
sl1344_rs16245,-1.0424
sl1344_rs16250,0.1386
hybg,-0.1261
hybe,-0.1949
sl1344_rs16270,-0.848
hybc,-0.1842
hybb,0.7333
hyba,0.5589
hybo,0.1454
sl1344_rs16295,0.3433
sl1344_rs16300,1.1675
sl1344_rs16305,3.1361
sl1344_rs16310,2.0407
sl1344_rs16315,1.9008
sl1344_rs16320,1.4398
sl1344_rs16325,0.1862
exbd,-0.4756
exbb,-0.1427
metc,0.1725
yghb,0.5452
sl1344_rs16355,0.4729
yqhd,0.2773
dkga,0.2904
sl1344_rs16375,-0.543
sl1344_rs16380,1.5493
sl1344_rs16385,0.865
sl1344_rs16390,0.84
sl1344_rs16395,1.1088
sl1344_rs16400,-0.0747
ftsp,-0.576
plsc,-0.0421
parc,-0.1207
sl1344_rs16420,0.5278
sl1344_rs16425,0.7482
qseb,0.4036
qsec,-0.4765
sl1344_rs16440,0.4892
sl1344_rs16445,-0.1606
pare,-0.1039
yqia,-0.3251
cpda,-0.2668
sl1344_rs16465,-0.2792
nudf,0.0264
tolc,-0.0548
sl1344_rs16480,-0.4308
sl1344_rs16485,-0.3975
ygid,-0.0693
zupt,-0.5817
sl1344_rs27865,0.1024
sl1344_rs16505,0.8453
sl1344_rs16510,0.1069
dsbi,0.2871
ribb,-0.0953
ubik,-0.1845
glgs,-0.3846
sl1344_rs16535,-0.8741
sl1344_rs16540,-0.3513
sl1344_rs27580,-0.85
hlde,0.4614
glne,0.0766
sl1344_rs16555,-0.654
sl1344_rs16560,-0.5526
sl1344_rs16565,-0.6466
baca,0.2104
folb,0.2219
plsy,0.3898
sl1344_rs27870,0.2466
tsad,0.3752
rpsu,-0.0529
dnag,-0.3554
rpod,-0.2637
mug,-0.0102
sl1344_rs16615,0.3029
sl1344_rs16620,0.9534
sl1344_rs16625,0.9234
sl1344_rs16630,0.5114
ygjg,0.4695
sl1344_rs16640,-0.1113
rlmg,0.9602
sl1344_rs16650,0.2029
sl1344_rs16655,0.5535
sl1344_rs16660,-0.1275
sl1344_rs16665,-0.6724
sstt,-1.072
yqja,-0.0241
mzra,0.1904
sl1344_rs16685,0.2425
sl1344_rs16690,0.3314
sl1344_rs16695,0.2626
sl1344_rs16700,0.064
sl1344_rs16705,0.2526
sl1344_rs16710,0.2255
sl1344_rs16715,0.582
yhaj,0.941
sl1344_rs16725,-0.4753
sl1344_rs16730,0.3028
sl1344_rs16735,0.9613
sl1344_rs16740,0.7731
tdcg,-0.1944
tdcd,0.1007
tdcc,0.0257
tdcb,1.7456
tdca,0.482
gark,0.2653
garr,0.2443
garl,0.6065
gard,0.1316
sl1344_rs16795,0.7195
sl1344_rs16800,1.8625
sl1344_rs16805,0.437
sl1344_rs16815,1.1855
sl1344_rs16820,0.1041
gatz,0.1512
gata,-1.4132
sl1344_rs16840,0.138
gatd,0.4507
sl1344_rs16850,0.9615
rsmi,0.1348
sl1344_rs16860,0.1015
sl1344_rs16865,-0.0521
diaa,0.1496
dolp,0.1177
sl1344_rs16880,-0.0329
yhbo,0.594
sl1344_rs16890,0.4951
sl1344_rs16895,0.5143
sl1344_rs16900,0.4474
ubit,0.3167
ubiu,0.592
sl1344_rs16915,0.1309
sl1344_rs16920,0.5199
sl1344_rs16925,-0.1983
sl1344_rs16930,0.1677
mtr,-0.8261
dead,-1.0618
yrbn,-0.8974
nlpi,-0.2894
pnp,-0.3482
rpso,-0.3382
trub,-0.3103
rbfa,-0.5725
infb,-0.6014
nusa,-0.1645
rimp,0.2674
argg,0.7211
sl1344_rs16995,-0.4157
secg,0.0951
glmm,-0.0417
folp,0.1601
ftsh,-0.5958
rlme,-0.6886
yhby,-0.8066
grea,-0.354
dacb,-0.48
cgta,-0.864
sl1344_rs17060,-0.2979
rpma,-0.2556
rplu,-0.2292
ispb,0.0217
sfsb,0.0952
mura,-0.506
ibag,-0.7829
mlab,-0.4049
mlac,-0.7734
mlad,-0.8832
mlae,0.0936
mlaf,-0.2986
sl1344_rs17120,0.0443
kdsd,-0.0518
kdsc,0.0684
lptc,0.0953
lpta,-0.1995
lptb,0.2693
rpon,0.1369
hpf,0.1989
ptsn,0.2224
rapz,0.0447
npr,0.0281
yrbl,-0.1233
mtga,0.8128
elbb,0.6726
arcb,0.4269
sl1344_rs17195,-0.4466
gltb,-0.0253
gltd,-0.9099
sl1344_rs17215,-0.2217
codb,-0.3529
sl1344_rs17225,-0.7255
nanq,-0.1983
nank,-0.3531
sl1344_rs17240,0.7859
nant,0.4669
nana,0.4854
nanr,0.2338
sspb,0.6105
sspa,1.106
sl1344_rs17270,-0.7056
rpsi,0.0801
rplm,0.3038
zape,-0.7777
zapg,-0.2472
degq,0.5455
degs,0.3752
sl1344_rs17305,0.7087
sl1344_rs17310,0.482
sl1344_rs17320,0.2337
sl1344_rs17335,-0.3813
sl1344_rs17340,0.3749
sl1344_rs17345,0.5965
mdh,0.5917
argr,1.0522
yhcn,0.1696
yhcn-b,0.234
sl1344_rs17370,0.7393
aaeb,0.8226
aaea,-0.2587
aaex,0.7245
aaer,0.2584
tldd,-0.2729
yhdp,-0.81
rng,-0.6845
sl1344_rs17410,0.1801
mred,0.151
mrec,-0.071
mreb,-0.6251
csrd,-0.0847
sl1344_rs17440,-0.6589
msrp,-0.3091
msrq,0.3317
accb,0.208
accc,-0.3508
sl1344_rs17465,0.7402
panf,-0.6016
prma,-0.8022
dusb,0.4061
fis,0.6794
yhdj,-1.6554
sl1344_rs17495,-0.1069
sl1344_rs17500,-0.385
sl1344_rs17510,0.6081
sl1344_rs17515,0.9496
sl1344_rs17520,-0.7821
sl1344_rs27425,-0.0997
sl1344_rs17555,0.0501
sl1344_rs17560,0.2226
aroe,0.2633
tsac,0.2976
sl1344_rs17575,-0.2771
smg,-0.9174
dpra,-0.7729
def,-0.0656
fmt,0.0063
rsmb,0.1979
trka,0.1867
mscl,-0.4124
zntr,0.4705
sl1344_rs17625,-0.0681
rplq,-0.2482
sl1344_rs17635,-0.1672
rpsd,-0.0267
rpsk,0.1993
rpsm,-0.134
rpmj,-0.2217
secy,-0.0325
rplo,0.1653
rpmd,0.2226
rpse,0.1946
rplr,0.2806
rplf,0.3044
rpsh,0.1985
rpsn,0.1823
rple,0.1478
rplx,0.1986
rpln,0.2274
rpsq,-0.3543
rpmc,-0.1182
rplp,-0.0342
rpsc,-0.0736
rplv,0.2565
rpss,0.2284
rplb,0.2551
rplw,0.3837
rpld,0.13
rplc,0.1119
rpsj,0.3047
hopd,-0.0529
bfr,0.7512
bfd,1.3523
tuf,0.7567
fusa,0.0291
rpsg,0.2061
rpsl,0.4466
tusb,0.1221
tusc,0.3811
tusd,0.4344
sl1344_rs17820,-0.3013
fkpa,-0.6304
sl1344_rs17830,0.2539
slyd,0.2206
sl1344_rs17840,0.4161
kefb,0.2856
kefg,-0.9613
sl1344_rs17855,-0.0334
sl1344_rs17860,0.1718
sl1344_rs17865,0.3781
sl1344_rs17870,0.3679
sl1344_rs17875,1.2532
sl1344_rs17880,0.4888
sl1344_rs17885,-0.5813
crp,0.1408
sl1344_rs17895,-0.0332
argd,-0.0773
paba,0.4435
sl1344_rs17910,0.063
sl1344_rs17915,0.092
ppia,-0.0996
tsga,0.6257
nirb,0.1234
nird,1.0915
nirc,-0.4521
cysg,-1.1719
biga,-0.2402
sl1344_rs17960,0.2328
trps,0.1187
gph,0.2288
rpe,0.7225
dam,-0.0693
damx,-0.0506
arob,-0.3643
arok,-0.4482
hofq,-1.3746
sl1344_rs18005,-0.9559
sl1344_rs18010,-0.5653
sl1344_rs18015,0.7101
sl1344_rs18020,0.64
mrca,-0.3448
nude,-0.3974
igaa,-0.0864
yrfg,0.0418
hslr,0.5265
hslo,0.9623
sl1344_rs18055,0.6606
pcka,0.0243
envz,-0.2213
ompr,-0.422
greb,0.8318
sl1344_rs18080,0.519
feoa,0.3472
feob,-0.1942
feoc,-0.6076
sl1344_rs18100,0.6936
bioh,1.0695
gntx,-1.1905
nfua,-0.1415
gntt,-0.2919
malq,0.0694
malp,0.1711
malt,0.08
sl1344_rs18140,0.2508
sl1344_rs18145,0.7337
rtca,0.1717
rtcb,-0.2111
sl1344_rs18160,-0.7026
rtcr,-0.2753
glpg,-0.1295
glpe,-0.4116
glpd,-0.7086
sl1344_rs18190,0.584
sl1344_rs18195,1.4146
sl1344_rs18200,-0.2677
sl1344_rs18205,0.1069
ilvd,0.052
sl1344_rs18215,2.0401
sl1344_rs18220,0.257
glgp,-1.6227
glga,-0.9851
glgc,0.1943
glgb,-0.5226
sl1344_rs26820,-0.0622
gntu,-0.372
gntk,0.3294
gntr,-0.2328
sl1344_rs18270,-0.5205
sl1344_rs18275,0.3738
yhhy,-0.9812
sl1344_rs18290,0.4854
sl1344_rs18295,0.1407
sl1344_rs18300,0.0694
ggt,-0.6791
sl1344_rs18310,0.37
ugpq,-0.2385
sl1344_rs18320,-0.9984
ugpe,0.1041
ugpb,-1.6661
sl1344_rs18340,-0.2511
sl1344_rs18345,0.821
livf,-1.0684
livg,-0.6544
livm,-0.6451
livh,0.3801
livk,-0.6625
panm,-0.4574
sl1344_rs18380,-0.6121
livj,-0.4745
rpoh,-0.6651
ftsx,-0.5675
ftse,-0.2679
ftsy,-0.5855
rsmd,-0.6412
sl1344_rs18415,-0.3073
sl1344_rs18420,-0.6031
sl1344_rs18425,-0.3702
znta,0.1538
tcp,-0.0045
tusa,0.3355
sl1344_rs18445,0.8593
sl1344_rs18450,-0.1741
sl1344_rs18455,0.0347
sl1344_rs18460,0.5953
acpt,0.1116
nikr,-0.0627
sl1344_rs18475,0.2502
rbba,0.2292
sl1344_rs18485,1.2901
sl1344_rs18490,0.5596
pita,0.3017
uspb,0.4308
uspa,-0.3437
dtpb,0.022
rsmj,-0.833
prlc,-0.1439
sl1344_rs18525,-0.7996
sl1344_rs18530,0.3746
gora,-0.3671
frae,0.6794
sl1344_rs18545,-0.2538
frad,1.1133
frab,-0.0049
sl1344_rs18560,0.0627
sl1344_rs18565,-0.2266
sl1344_rs18570,-0.431
sl1344_rs18585,-0.1176
yhjd,1.196
sl1344_rs18595,0.4757
sl1344_rs18600,1.391
pdeh,1.4668
sl1344_rs18610,-0.5222
sl1344_rs18615,-0.6439
dcta,0.032
hmsp,0.5422
bcsc,-0.322
bcsz,-0.5775
bcsb,-0.273
bcsa,0.1537
bcsq,0.4988
bcsr,0.5176
bcse,1.2766
bcsf,-0.0809
bcsg,-1.0516
sl1344_rs18675,-1.4164
sl1344_rs18685,0.8236
dppf,-1.0753
dppd,0.6739
dppc,0.2633
dppb,-1.0854
dppa,-0.3466
sl1344_rs18715,-0.4561
sl1344_rs18720,-0.1855
sl1344_rs18725,-0.6921
eptb,-0.9816
lpfe,-0.6157
lpfc,0.4157
lpfb,0.4507
lpfa,0.6312
sl1344_rs18770,0.3281
tag,-0.3806
sl1344_rs18780,0.6487
sl1344_rs18785,-0.3708
sl1344_rs18790,-1.2941
ghrb,-0.4334
sl1344_rs18800,-0.8154
sl1344_rs18805,-1.9969
cspa,-0.7688
cuep,-0.0884
sl1344_rs18820,0.4188
sl1344_rs18825,0.1298
sl1344_rs18830,-0.3785
glys,-0.3866
glyq,-0.0812
sl1344_rs18845,-0.9779
sl1344_rs18850,-0.6232
sl1344_rs18855,-0.1983
xylb,0.1741
xyla,0.5881
xylr,-0.5293
sl1344_rs18875,-0.5266
sl1344_rs18885,1.1827
avta,0.3021
sl1344_rs18895,0.3821
yiaj,0.7385
yiak,0.4507
sl1344_rs18910,0.4854
sl1344_rs18915,0.6588
yiam,-0.4477
yian,-1.2902
yiao,-0.3785
sl1344_rs18935,-1.6334
ulad,-0.4013
sl1344_rs18945,0.4507
sl1344_rs18955,-0.6232
sl1344_rs18960,0.7009
aldb,0.1259
sl1344_rs18970,-0.2101
selb,-0.255
sela,-0.9055
sl1344_rs18985,-0.6547
mtla,0.6746
mtld,-0.0083
mtlr,0.4499
sl1344_rs19005,0.6023
sl1344_rs19010,0.0677
sada,0.3577
lldp,0.4451
lldr,1.358
lldd,0.615
trml,1.6981
sl1344_rs19045,-0.053
sl1344_rs19050,0.765
cyse,-0.2817
gpsa,-0.313
secb,0.0032
grxc,0.6254
sl1344_rs19080,0.151
gpmm,0.2476
envc,0.1221
sl1344_rs19095,-0.4729
sl1344_rs19100,-0.2021
tdh,0.1409
kbl,0.254
rfad,-0.0694
rfaf,-0.0864
rfac,-0.0799
rfal,-0.9058
sl1344_rs19135,-0.3656
waaz,-0.5891
rfay,0.1067
rfaj,0.6635
waao,0.1217
waab,-0.3934
rfap,-0.0294
sl1344_rs19175,1.4296
rfaq,0.694
waaa,-0.1504
coad,-0.1984
mutm,0.0306
rpmg,0.2079
rpmb,0.2742
radc,-0.6058
coabc,0.1046
dut,0.4887
slma,-0.0249
pyre,0.6846
rph,0.1043
sl1344_rs19240,0.1531
sl1344_rs19245,0.2792
sl1344_rs19250,-0.3048
sl1344_rs19255,0.7354
ligb,0.0485
gmk,-0.2565
rpoz,-0.2316
spot,-0.3356
trmh,-0.8516
recg,-0.8531
sl1344_rs19290,0.6196
glts,0.8394
xanp,-0.2792
sl1344_rs19305,0.5003
yici,1.6445
sl1344_rs19315,1.0198
sl1344_rs19325,-1.0047
sl1344_rs19330,-0.3205
rhum,0.4349
misl,0.0995
sl1344_rs19355,0.0355
sl1344_rs19360,1.5005
sl1344_rs19365,0.1228
cigr,-0.0966
mgtu,0.848
mgtr,1.1353
mgta,-1.2032
sl1344_rs19380,1.4308
sl1344_rs19385,0.2387
sl1344_rs19390,0.7746
dagf,-0.5529
dgae,0.848
sl1344_rs19405,-0.3785
sl1344_rs19415,0.7103
sl1344_rs19420,0.5259
dagr,0.5326
sl1344_rs19430,-0.2297
sl1344_rs19435,0.8752
sl1344_rs19445,0.9346
sl1344_rs19450,0.109
sl1344_rs19455,0.712
sl1344_rs19460,0.482
sl1344_rs19465,-0.4459
sl1344_rs19470,1.1353
sl1344_rs19475,0.4587
sl1344_rs19480,0.1007
sl1344_rs19485,1.0886
sl1344_rs19490,0.0966
uhpt,1.3391
sl1344_rs19500,-0.6231
uhpb,-0.1754
uhpa,1.1542
sl1344_rs19515,0.0891
rbsk,0.5331
sl1344_rs19530,0.8539
ilvb,0.8657
ivbl,-0.8913
tisb,-1.2522
emrd,0.2352
sl1344_rs19565,0.5735
dsdc,0.3644
dsdx,1.358
dsda,-0.2311
sl1344_rs19585,-0.1212
sl1344_rs19590,0.4058
sl1344_rs19595,0.9593
sl1344_rs19600,0.86
ibpb,-1.7527
ibpa,-1.6468
sl1344_rs19615,0.1829
sl1344_rs19620,-0.6883
sl1344_rs19625,-0.0576
sl1344_rs19635,0.0115
sl1344_rs19650,-0.3338
sl1344_rs19665,0.2849
tord,0.1152
tora,1.9349
torc,0.8917
torr,0.1379
tort,0.5792
tors,0.3509
sl1344_rs19700,0.2647
dgod,1.5432
sl1344_rs19710,0.7138
sl1344_rs19715,0.8474
dgor,0.9012
yida,0.1646
sl1344_rs19730,0.482
sl1344_rs19735,0.111
sl1344_rs19740,0.0061
gyrb,-0.4426
recf,-0.9488
dnan,-0.5181
dnaa,0.6826
sl1344_rs28060,-0.444
rpmh,0.509
rnpa,0.6352
yidd,0.1829
yidc,0.3395
mnme,-0.6242
sl1344_rs19800,0.0544
sl1344_rs19805,0.4377
sl1344_rs19810,0.3453
yidz,-0.9332
sl1344_rs19820,-0.2215
sl1344_rs19825,0.285
adep,0.2598
yieh,-0.0049
phou,-0.6608
pstb,0.492
psta,0.1412
pstc,0.0676
psts,-0.5532
sl1344_rs19865,0.4213
sl1344_rs19870,-0.4265
sl1344_rs19875,-0.13
glms,-0.2815
glmu,0.3609
sl1344_rs19890,0.6212
sl1344_rs19895,0.4522
atpd,0.3438
atpg,0.8816
atpa,0.3765
atph,0.9506
atpf,0.9652
atpe,1.1699
atpb,1.0212
atpi,0.481
rsmg,0.1343
mnmg,0.3239
mioc,0.1258
asnc,-0.0337
asna,0.0409
viaa,0.342
rava,0.0704
kup,-0.5477
rbsd,-1.0745
rbsa,-0.3343
rbsc,0.4566
rbsb,0.4006
rbsr,0.3805
sl1344_rs20020,-0.5719
hdfr,-0.3151
maop,0.7123
sl1344_rs20065,0.1733
ilvl,-1.1236
ilvx,-0.067
ilvg,-0.2042
ilvm,0.6112
ilve,0.6668
ilva,0.5821
sl1344_rs20100,0.3357
sl1344_rs20105,-0.2625
ilvy,-1.0468
ilvc,-0.2941
ppic,0.3762
rep,-0.0379
gppa,-0.4783
rhlb,-0.0984
trxa,0.0774
sl1344_rs27765,0.576
rho,0.2612
weca,-0.2152
wzze,0.2201
wecb,0.6839
wecc,0.3878
rffg,-0.1068
sl1344_rs27880,-0.2019
rffc,0.4185
rffa,-0.4199
wzxe,-0.5506
sl1344_rs20200,-0.9124
wzye,-0.2816
wecg,-0.7278
thrp,-0.6083
hemy,-0.1849
hemx,0.1004
hemd,-0.5018
hemc,-0.6047
cyaa,0.0035
sl1344_rs20265,0.9839
sl1344_rs20270,0.6721
sl1344_rs20275,0.628
cyay,-0.4085
sl1344_rs20285,-0.1949
sl1344_rs26135,-0.7806
lptm,0.0044
dapf,0.2709
sl1344_rs20300,0.7291
xerc,0.542
yigb,-0.4527
uvrd,-0.039
ysgd,-0.1253
cora,0.2981
yigf,0.6989
sl1344_rs20330,-0.7632
yigi,-0.1077
plda,0.0364
recq,-0.7429
rhtc,0.1916
rhtb,0.7302
pldb,-0.0172
yigl,-0.2332
sl1344_rs20375,0.3197
metr,-0.6352
mete,0.9639
sl1344_rs20390,-0.598
sl1344_rs20395,-0.5004
udp,0.6836
rmuc,-0.0975
ubie,-0.3678
ubij,-0.0392
ubib,-0.0676
tata,0.4208
tatb,0.4022
tatc,-0.058
tatd,0.5929
rfah,0.2855
ubid,-0.7348
fre,-0.4385
sl1344_rs20460,-0.0343
fada,0.4919
fadb,0.2407
pepq,0.049
sl1344_rs20480,-0.7202
trkh,-0.0437
hemg,-0.1164
mobb,-0.5258
moba,-0.263
sl1344_rs20530,0.3475
sl1344_rs20535,0.2589
dsba,0.1912
sl1344_rs20545,0.09
pola,0.1905
yiha,0.1983
sl1344_rs20565,0.198
yihi,0.4617
hemn,0.5929
sl1344_rs27245,0.7778
glng,-1.6037
glnl,-0.9772
glna,-1.0436
typa,-0.3755
sl1344_rs20600,-0.3266
sl1344_rs20605,-0.0067
sl1344_rs20610,-1.1408
sl1344_rs20615,-0.4353
sl1344_rs20620,0.6361
sl1344_rs20625,1.373
ompl,0.482
sl1344_rs20635,1.3524
sl1344_rs20640,0.7632
sl1344_rs20645,0.3872
sl1344_rs20650,-1.5733
yihs,-0.8154
yihu,-1.6346
sl1344_rs20670,-0.6757
sl1344_rs20675,0.5819
yihx,-0.2383
sl1344_rs20685,-0.0689
dtd,0.0379
faby,0.3975
sl1344_rs20700,0.6813
sl1344_rs20705,0.8145
sl1344_rs20710,-1.196
sl1344_rs20715,0.8018
sl1344_rs20720,0.2878
fdhe,-0.5742
fdoi,-0.4191
fdhd,0.0096
sl1344_rs20755,-0.1371
sl1344_rs20760,-0.1506
sl1344_rs20765,-1.304
sl1344_rs20770,-1.1534
sl1344_rs20775,-0.9639
rham,-0.1923
rhad,0.1835
rhaa,-1.3827
rhab,0.4506
rhas,-0.4246
rhar,-1.1019
rhat,-0.0317
sl1344_rs20825,0.4507
sl1344_rs20830,-0.6803
sl1344_rs20840,-0.3853
soda,0.0979
yiim,0.4025
sl1344_rs20855,0.5294
cpxa,-0.5142
cpxr,-0.379
cpxp,-0.8928
fief,0.9236
pfka,0.7561
sl1344_rs20885,0.1494
sl1344_rs20890,1.0333
sl1344_rs20895,-0.3646
sl1344_rs20900,-0.6803
sl1344_rs20905,1.0122
sl1344_rs20910,-0.3089
sl1344_rs20920,0.969
lsrk,-0.1307
lsrr,-0.0965
lsra,0.6293
lsrc,0.017
lsrd,0.8183
lsrb,1.1133
lsrf,0.4425
lsrg,1.1133
sl1344_rs20965,0.3267
tpia,0.4292
sl1344_rs20975,-0.8808
sl1344_rs20980,-0.2002
fpr,0.3124
glpx,-0.2899
glpk,-0.5697
sl1344_rs21000,-0.4835
zapb,-0.2497
rraa,-0.3444
mena,0.0224
hslu,-0.0416
hslv,-0.6575
ftsn,-0.4662
cytr,-0.5796
pria,-0.9821
rpme,0.1883
sl1344_rs21050,-0.4256
sl1344_rs21055,-0.9134
metj,0.1771
metb,-0.114
metl,-0.5255
sl1344_rs21080,0.482
sl1344_rs21085,-0.1752
sl1344_rs21090,0.2893
metf,0.1997
katg,-0.4794
sl1344_rs21105,0.3022
glda,0.6096
fsa,-0.5946
sl1344_rs21125,0.4587
sl1344_rs21130,-0.2739
sl1344_rs21135,0.2999
sl1344_rs21140,-0.0511
sl1344_rs21145,0.2135
sl1344_rs21150,-0.0433
sl1344_rs21155,0.0404
ppc,0.1249
arge,-0.7712
argc,-0.7022
argb,0.1128
argh,0.1189
oxyr,-0.086
stha,0.482
fabr,-0.956
sl1344_rs21200,-0.9451
trma,-0.9628
btub,0.044
muri,-0.1422
murb,0.4472
bira,0.7881
coaa,-0.2765
sl1344_rs21260,-0.1572
sece,0.21
nusg,0.1205
rplk,0.3936
rpla,0.1464
rplj,0.2286
rpll,0.0347
rpob,-0.3585
rpoc,-0.4743
sl1344_rs21330,-0.1
sl1344_rs21335,-0.1983
sl1344_rs21340,-0.3666
sl1344_rs21345,-0.4967
thih,0.8783
thig,-1.541
this,-0.852
sl1344_rs21365,-0.784
thie,0.7496
thic,-1.8734
rsd,-0.1369
nudc,-0.4436
heme,0.1026
nfi,0.2932
sl1344_rs21400,-0.4901
hupa,0.3193
sl1344_rs21410,0.39
zrap,0.745
zras,1.0683
zrar,0.4141
purd,-0.0657
purh,0.3841
sl1344_rs21465,0.4425
meta,0.7887
acea,0.3878
acek,1.1889
sl1344_rs21490,0.7908
iclr,1.2386
meth,-0.3001
sl1344_rs21505,-0.2666
pepe,0.3144
sl1344_rs21515,0.2256
sl1344_rs21520,0.4725
rluf,0.1992
sl1344_rs21530,-0.1645
pans,0.4086
sl1344_rs21540,-0.3181
sl1344_rs21545,0.482
sl1344_rs21550,0.4105
sl1344_rs21555,0.8183
sl1344_rs21560,0.7342
sl1344_rs21565,0.4507
sl1344_rs21570,0.759
sl1344_rs21575,-0.1367
sl1344_rs21580,1.154
sl1344_rs21585,0.732
sl1344_rs21590,1.358
sl1344_rs21595,-0.3594
sl1344_rs21600,-0.0915
sl1344_rs21605,-0.3234
sl1344_rs21610,-0.1142
sl1344_rs21615,0.9415
sl1344_rs27930,0.7096
sl1344_rs21620,0.7908
sl1344_rs21625,0.4507
sl1344_rs21630,0.0721
sl1344_rs21645,-0.5874
sl1344_rs21650,0.6592
sl1344_rs21655,0.9587
sl1344_rs21660,-0.1447
pgi,0.1286
yjbe,-1.9458
sl1344_rs21680,0.0139
sl1344_rs21685,0.4329
sl1344_rs21690,-0.9302
psie,0.7027
malg,0.1661
malf,0.6397
male,0.4105
malk,0.1035
sl1344_rs21720,0.1103
malm,0.5704
ubic,-0.4227
ubia,-0.6477
plsb,-0.5044
sl1344_rs21745,-0.7024
lexa,-0.3237
dinf,0.076
sl1344_rs21760,-0.4056
sl1344_rs21765,0.145
zur,-0.0913
sl1344_rs21775,0.2005
dusa,-0.2301
pspg,-0.135
sl1344_rs21790,-0.4004
dnab,0.5547
alr,-0.4967
tyrb,-0.9744
apha,-0.7518
sl1344_rs21815,-1.2004
sl1344_rs21820,-0.6985
sl1344_rs21825,-0.3764
sl1344_rs21830,0.4815
uvra,-0.0473
ssb1,-0.0713
siia,3.0733
sl1344_rs21855,3.5847
siic,2.8774
siid,2.4496
siie,1.6411
siif,0.3521
sl1344_rs21880,1.2525
sl1344_rs21885,-0.2038
soxs,0.0638
soxr,0.4463
sl1344_rs21900,1.1219
ghxp,0.1646
sl1344_rs21910,0.4489
sl1344_rs21915,-0.5243
sl1344_rs21920,-0.0556
sl1344_rs21925,-0.2475
actp,-0.3377
sl1344_rs21935,0.7908
acs,1.2936
nrfa,0.4814
nrfb,0.3117
nrfc,0.1348
nrfd,0.6378
nrfef,-0.3735
nrfg,-0.4944
gltp,-0.5317
yjco,0.9434
sl1344_rs21990,-0.5831
lpxo,0.8563
phno,-0.4427
yjdn,1.3668
sl1344_rs22015,0.4092
prop,-0.0784
pmrr,-0.7528
pmrb,-0.4563
pmra,0.6968
epta,0.1581
adic,0.8164
sl1344_rs22050,0.9529
adia,0.8368
melr,-0.2777
mela,0.8183
melb,0.0603
fuma,0.4271
dcub,0.9172
sl1344_rs22090,1.6147
dcur,0.687
sl1344_rs22100,-0.2673
sl1344_rs22105,0.7109
sl1344_rs22110,0.138
sl1344_rs22115,0.4885
sl1344_rs22120,-0.2955
sl1344_rs22125,-0.5213
sl1344_rs22130,0.8853
sl1344_rs22135,1.3293
sl1344_rs26870,1.6842
rtsb,2.1944
sl1344_rs22150,1.29
sl1344_rs22155,0.4282
sl1344_rs22160,1.0372
sl1344_rs22165,1.5129
sl1344_rs22170,1.4733
sl1344_rs22175,0.7524
sl1344_rs22180,-0.2919
sl1344_rs22190,-0.3414
sl1344_rs22195,-0.3865
cuta,-0.0841
dcua,-0.4657
aspa,0.3229
sl1344_rs22220,-0.7267
yjeh,-0.0702
sl1344_rs22230,0.6446
grol,0.4924
sl1344_rs22240,0.5611
sl1344_rs22245,0.8203
epmb,-0.3012
efp,0.6365
sl1344_rs22260,1.0694
ecnb,-0.723
sl1344_rs22270,-0.6207
suge,0.1714
sl1344_rs22280,0.3079
frdd,0.4754
frdc,0.4255
frdb,0.5067
frda,0.4465
epma,-0.3217
yjem,-0.9764
sl1344_rs22315,-1.0059
mscm,-0.1984
rsga,-0.738
orn,-0.2379
sl1344_rs22340,-0.2079
queg,0.0008
nnr,-0.1204
tsae,-0.0777
amib,-0.3216
mutl,-0.546
miaa,-0.5985
hfq,-0.1253
hflx,-0.0682
hflk,-0.327
hflc,-0.1468
sl1344_rs22410,0.8406
pura,0.2254
nsrr,0.5868
rnr,0.2733
rlmb,-0.0523
sl1344_rs22435,0.4695
sl1344_rs22445,0.2613
sl1344_rs22450,0.4398
sl1344_rs22455,0.8453
sl1344_rs22460,0.1041
sl1344_rs22465,-0.361
sl1344_rs22470,1.7558
yjfn,1.2132
bsma,1.7529
yjfp,0.7063
ular,0.8898
ulag,-0.7227
ulaa,-0.1983
ulae,-0.283
sl1344_rs22525,-1.0191
yjfy,-1.323
sl1344_rs22535,0.4164
rpsf,0.2188
prib,0.3271
rpsr,0.1942
rpli,0.0826
sl1344_rs22560,0.522
sl1344_rs22565,-1.0218
fklb,0.6933
cyca,-0.2984
ytfe,-0.9698
sl1344_rs22585,0.0111
sl1344_rs22590,1.1133
sl1344_rs22595,0.864
sl1344_rs22600,0.1041
cysq,-0.7436
sl1344_rs22610,-0.0173
sl1344_rs22615,-0.1236
sl1344_rs22620,-0.1566
msra,0.5433
tama,-0.6343
tamb,-0.3052
sl1344_rs22640,-0.5019
sl1344_rs22645,-0.5081
sl1344_rs22650,0.2653
ppa,0.0009
fbp,0.748
mpl,-0.6904
iolr,-0.1498
iolt1,-0.0191
iolt2,-0.0365
iolb,-0.9698
iola,-1.0327
sl1344_rs26225,-0.3813
reid,0.4397
iole,-0.3813
iolg1,-2.0045
srfj,-0.3699
ioli1,0.7614
sl1344_rs22730,-0.2374
sl1344_rs22735,-1.4893
iold,-0.9277
iolg2,0.2634
sl1344_rs22750,0.1397
iolh,-0.6494
yjga,-0.1634
pmba,-0.0911
cybc,0.3765
sl1344_rs22780,-0.6468
sl1344_rs22785,-0.5184
sl1344_rs22790,0.6474
sl1344_rs22795,1.1287
sl1344_rs22800,0.1007
sl1344_rs22805,0.4854
sl1344_rs22810,-0.1367
sl1344_rs22820,0.0166
sl1344_rs22825,1.3126
sl1344_rs22830,2.162
nrdg,2.1155
nrdd,0.6379
trec,-0.8709
trer,0.3492
mgtl,0.9123
sl1344_rs22870,0.3495
rida,0.2225
pyri,-0.1202
pyrb,0.2804
pyrl,-0.1983
sl1344_rs26875,0.1035
sl1344_rs22895,0.4854
sl1344_rs22900,-0.7384
argf,-0.5202
arcc,0.2809
arca,0.2804
sl1344_rs22920,0.0878
argl,-0.6288
rrab,-0.5504
miae,-0.3065
sl1344_rs22940,-1.7455
sl1344_rs22945,-0.8834
sl1344_rs22950,0.6393
sl1344_rs22955,-0.298
holc,0.1095
pepa,-0.1424
sl1344_rs27795,0.3344
lptf,-0.3996
lptg,-0.5494
idnr,0.5427
idnt,-0.5935
idno,0.2526
idnd,0.482
idnk,-0.8408
ahr,-0.5324
sl1344_rs23020,0.4398
sl1344_rs23025,0.8389
sl1344_rs23030,0.7106
brxl,-0.1026
pglz,0.0577
sl1344_rs23045,0.1833
sl1344_rs23050,0.1061
pglx,-0.6612
brxc,-0.6625
sl1344_rs23065,-0.0732
sl1344_rs23070,0.2656
sl1344_rs23075,0.7158
sl1344_rs23080,0.1724
sl1344_rs23085,-0.6263
sl1344_rs23090,-1.9818
sl1344_rs23095,0.956
sl1344_rs23100,0.6743
sl1344_rs23105,0.6569
sl1344_rs23110,-0.3271
sl1344_rs23115,-0.7574
uxur,0.28
sl1344_rs23135,-1.3019
sl1344_rs23140,-0.5138
hypt,0.1517
iada,-0.173
sl1344_rs23155,0.4921
sl1344_rs23160,0.5113
sl1344_rs23170,0.0008
sl1344_rs23175,0.3293
mdtm,2.3261
sl1344_rs23190,-0.2255
sl1344_rs23195,-0.0612
yjis,0.4095
sl1344_rs23205,1.7049
syme,0.4834
sl1344_rs23215,0.4741
hsdm,0.8159
hsdr,0.5964
sl1344_rs23230,1.2955
sl1344_rs23235,0.7524
sl1344_rs23240,-0.0639
yjia,-0.1413
sl1344_rs23250,0.4653
btst,0.788
tsr,0.198
sl1344_rs23265,-0.6344
sl1344_rs23270,0.4397
sl1344_rs23285,-0.3735
sl1344_rs23290,0.256
sl1344_rs23295,-0.1018
opgb,1.1907
sl1344_rs23305,0.5223
dnac,0.3094
dnat,0.2677
sl1344_rs23320,0.4495
sl1344_rs23325,1.3285
sl1344_rs23330,0.4083
bglj,0.3858
sl1344_rs23340,0.919
fhuf,0.966
sl1344_rs23350,-0.3091
sl1344_rs23355,1.6086
rsmc,0.1957
sl1344_rs23380,0.3063
rimi,0.3838
yjjg,0.1718
prfc,0.3625
sl1344_rs23405,-1.3098
sl1344_rs23410,-0.6103
sl1344_rs23415,0.9736
sl1344_rs23420,0.7867
sl1344_rs23425,0.8818
deoc,-0.6329
deoa,0.1773
deob,0.0953
deod,0.5178
sl1344_rs23450,0.2901
sl1344_rs23455,1.1856
stjc,1.7049
sl1344_rs23465,-0.4044
sl1344_rs23470,0.7584
lpla,-0.7143
sl1344_rs23480,-0.132
rada,0.12
nadr,0.4651
etta,0.3008
slty,-0.5068
trpr,0.2608
yjjx,0.427
gpmb,-0.0629
roba,0.2078
crea,0.1486
creb,-0.0654
crec,-0.4968
cred,0.1533
sthe,-0.7957
sl1344_rs23555,0.1069
sl1344_rs23560,-0.0102
sl1344_rs23570,0.84
sl1344_rs23575,-0.5726
sl1344_rs23580,-0.6304
yjjy,0.1756
sl1344_rs23595,0.506
repa,0.0491
yaca,1.673
yacb,1.7311
sl1344_rs24220,-0.1883
sl1344_rs24225,0.3542
sl1344_rs24230,-0.4013
sl1344_rs24235,-0.852
sl1344_rs24240,0.0394
yaga,0.8324
sl1344_rs24250,0.0602
sl1344_rs24255,0.4055
sl1344_rs24260,-0.0094
sl1344_rs24265,-0.3785
sl1344_rs24270,-1.1774
sl1344_rs24275,0.5509
sl1344_rs24280,0.3106
sl1344_rs24285,0.9655
sl1344_rs27545,0.7497
parm,0.4212
sl1344_rs24300,0.4409
sl1344_rs24310,-0.0674
sl1344_rs27325,-0.5315
sl1344_rs24315,0.4507
sl1344_rs27590,0.0721
sl1344_rs24340,0.4507
sl1344_rs24350,0.4854
sl1344_rs26915,0.1069
sl1344_rs24360,0.7377
sl1344_rs24365,0.1201
sl1344_rs24370,1.3105
psib,-0.0317
sl1344_rs24380,1.8067
sl1344_rs24385,0.8072
sl1344_rs24395,0.2152
sl1344_rs24400,-1.0408
sl1344_rs26415,-0.5373
sl1344_rs24410,-0.2942
sl1344_rs24415,-0.2115
sl1344_rs24420,-0.2974
sl1344_rs27940,-0.3813
sl1344_rs24425,1.1647
sl1344_rs24430,0.9221
nikb,-0.1355
trbc,1.1309
trbb,0.5012
trba,-1.0277
sl1344_rs24460,-1.4773
sl1344_rs24465,0.2049
dqlb,-1.7971
sl1344_rs27555,0.9446
sl1344_rs24475,1.5457
exca,0.3949
sl1344_rs24485,0.0285
trax,1.3285
traw,0.8183
trav,0.4507
trau,1.1658
trat,0.9172
tras,-0.1949
traq,0.482
trap,0.848
trao,-0.1639
tran,0.2964
sl1344_rs24540,-0.1367
sl1344_rs24545,-0.1054
sl1344_rs24550,0.0479
sl1344_rs24555,-0.0057
sl1344_rs26430,0.2181
traj,0.4128
trai,-2.4499
trah,0.4994
sl1344_rs24575,1.1133
sl1344_rs24580,0.7904
trae,0.482
sl1344_rs24590,0.2219
sl1344_rs27340,0.1596
sl1344_rs24600,-0.1949
sl1344_rs26440,0.4507
sl1344_rs24605,1.6366
sl1344_rs24610,1.7811
sl1344_rs24615,0.4093
sl1344_rs24620,-0.0228
pilp,-0.6803
pilo2,-1.268
sl1344_rs24635,-0.1932
pilm,0.1035
pill,0.5848
sl1344_rs24650,1.7764
sl1344_rs24655,1.3272
trad,0.1692
sl1344_rs24665,0.5413
sl1344_rs24670,-0.1019
sl1344_rs24675,0.703
sl1344_rs28090,-0.9394
sul2,-0.3327
repc,-0.58
sl1344_rs24700,-0.5675
urff,0.0626
sl1344_rs24710,0.0243
sl1344_rs27820,-0.1149
sl1344_rs27825,-0.7322
sl1344_rs24720,1.4466
sl1344_rs24730,-0.1925
aph(3'')-ib,-0.8984
sl1344_rs23640,0.791
sl1344_rs23675,1.7875
trag,0.5557
traf,0.6777
trbe,0.4587
sl1344_rs23715,0.2833
sl1344_rs23725,0.84
trbi,0.1007
trac,-0.7196
sl1344_rs23750,0.4854
trab,1.3711
trak,0.4614
tral,-1.266
traa,-1.266
tray,-0.8154
sl1344_rs23805,-0.9284
tram,-0.8777
mlte,-1.1643
sl1344_rs27480,-0.1307
sl1344_rs27885,-0.1054
sl1344_rs23830,-0.5216
sl1344_rs23840,-0.6803
sl1344_rs23845,0.1349
sl1344_rs23850,0.7303
sl1344_rs23860,-1.1078
sl1344_rs23865,-0.3813
sl1344_rs23870,0.1041
sl1344_rs23875,0.4095
sl1344_rs23880,0.4507
sl1344_rs23885,-0.3785
sl1344_rs23890,-0.3785
sl1344_rs26885,-0.3813
umud,0.6036
sl1344_rs23915,0.0873
sl1344_rs23920,0.2256
sl1344_rs23925,1.1915
sl1344_rs23930,0.1423
sl1344_rs23940,0.6502
sl1344_rs23950,0.4412
sl1344_rs23955,1.6268
sl1344_rs23960,0.1538
sl1344_rs23965,0.0555
sl1344_rs23970,0.339
sl1344_rs23975,0.7183
sl1344_rs23980,0.2184
spvr,-0.6803
spva,-0.0697
sl1344_rs27535,-0.9228
spvb,-1.1237
spvd,-0.0317
sl1344_rs24020,0.415
sl1344_rs24025,0.3516
sl1344_rs27810,0.5748
sl1344_rs24035,-0.1102
sl1344_rs24040,0.417
sl1344_rs24045,-0.0568
sl1344_rs24050,0.4886
sl1344_rs24055,1.048
sl1344_rs24060,1.1162
ccdb,0.9467
ccda,0.7198
sl1344_rs24075,-0.7337
sl1344_rs26895,0.255
sl1344_rs24085,0.3849
pefa,-0.064
pefc,-0.1513
pefd,-0.37
sl1344_rs24120,0.1215
sl1344_rs24125,-0.5675
pefi,0.7054
sl1344_rs24135,0.1881
sl1344_rs24140,-0.258
sl1344_rs27540,-0.6501
sl1344_rs24145,-0.4711
rck,1.1545
sl1344_rs24155,0.4355
sl1344_rs24160,0.2101
tap,-0.0646
sl1344_rs24180,-0.6919
sl1344_rs24190,0.0507
sl1344_rs24195,-0.4613
