SL identifier	common gene name	strand	start	end	EEP	MEP	LEP	ESP (biological replicate 1)	ESP (biological replicate 2)	ESP average (Biol. Rep. 1 and 2)	LSP  (biological replicate 1)	LSP  (biological replicate 2)	LSP average (Biol. Rep. 1 and 2)	25°C	Cold shock (15°C)	pH3 shock	pH5.8 shock	NaCl shock	Bile shock	LowFe2+ shock	Anaerobic shock	Anaerobic growth	Aerobic shock	InSPI2 (biological replicate 1)	InSPI2 (biological replicate 2)	InSPI2 average (Biol. Rep. 1 and 2)	InSPI2 LowMg2+	Peroxide shock (InSPI2)	Nitric oxide shock (InSPI2)	NonSPI2	Temp10	Temp20	RNA pool
tpke11		+	13507	13591	107.8	345.9	52.8	68.3	71.7	70	9.8	8.8	9.3	73.9	341.5	36.6	159.2	559.3	276.8	485.6	112.5	51	160.1	230.5	102.2	166.35	66.2	106.8	148.7	156.8	285	45.2	208
STnc890		+	14720	14783	62.1	436.9	88.4	247.6	248.9	248.25	114.1	138.7	126.39999999999999	93.8	382.3	143.2	200.8	844	436.8	490.7	492.8	141.7	207.6	281.8	269.1	275.45000000000005	374.1	106.4	1571.9	223.2	2873.1	173.9	409.2
STnc3200		-	16493	16445	12.5	14	25.9	55	27.1	41.05	37.9	15.2	26.549999999999997	14.3	8.5	26.7	22.1	17.4	14.3	27	110.7	45.6	22	52.3	18.2	35.25	32.2	27.8	79.2	23.7	54	54.1	43.9
STnc3210		+	17025	17111	8.8	10.2	39.2	10.3	15.3	12.8	88.4	34.8	61.6	8	19.1	3.8	20.2	90.1	13.4	16.6	9.8	13.6	41	69.1	65.4	67.25	378.5	6.3	86.3	19.6	70.6	64	57
STnc1010		+	41629	41708	156.6	260.4	337.7	542.7	398.2	470.45000000000005	1323.9	1142	1232.95	61.1	238.4	368.3	213.1	345.1	305.8	230.1	463.9	313.7	170.1	407.8	287.3	347.55	756.3	610.7	605.3	359.8	172.7	349.5	395.2
STnc3220		+	61807	62034	90.5	65.8	71.4	64.4	48.2	56.300000000000004	38.2	21.7	29.950000000000003	118.2	251.9	150	63.5	136.8	68.5	76	118.9	79.5	48.3	43	39.5	41.25	72.5	155.7	112	46.5	74.8	54.6	91.9
STnc3090		+	66916	67048	6.9	10.3	7.3	6.8	10.4	8.6	1.4	1.2	1.2999999999999998	9.5	4.7	12.3	22.4	5.1	0.9	13.6	8.6	5.9	8.1	209.3	221.1	215.2	167.6	24.6	15.5	14.4	7.1	13	29.5
STnc4160		-	67051	66912	24	33.8	27.9	69.4	49.6	59.5	79.6	104.4	92	15	14.8	24.6	23.2	32.9	0.8	36.1	45.9	52.6	54	82.7	121.8	102.25	30.9	60.3	54.1	51.3	25	33.1	40.8
DapZ		+	74847	74924	558.2	1600.9	10172.7	31631.4	31672.3	31651.85	4073.6	4473.8	4273.7	1804.7	1719.8	2866.6	1255.8	1490	1120	1652.2	3121.6	11137.8	16344.5	4360.7	4398.7	4379.7	4164.1	10784	12730.3	9452.4	2587	7416.6	6302.8
STnc3230		-	75015	74894	30.1	36.5	131.1	142.9	119.2	131.05	147.6	95	121.3	119	10.2	52.3	31.1	141.1	81.2	89.8	86.6	121.7	164.7	107.7	135.2	121.44999999999999	489.7	60.3	161	44.8	273.3	261.8	116.5
STnc470		-	94741	94653	66.9	60.1	139.2	415.4	341	378.2	502.5	743.4	622.95	67.5	53.6	104.8	95.8	549.5	85.1	81.1	117.1	137.3	137.2	3308.9	3615	3461.95	6459.5	2033.5	1488.2	755.8	183	184.6	816.6
STnc4170		+	95102	95188	79	51.2	62.8	52.2	43	47.6	33.1	12.8	22.950000000000003	65.8	123.9	94.1	73.1	211.5	41.5	112	91.9	96.7	93.1	104.9	88.7	96.80000000000001	130.9	98.1	333.7	134.4	130.4	85.3	96.8
STnc3240		-	101483	101322	68.8	85.9	80.7	84.4	77.1	80.75	15.8	14.1	14.95	46.6	121.6	82.9	85.2	64.2	69	131.5	122.5	102.2	77.3	123.7	72.2	97.95	136.8	67.8	127.4	56.1	65.3	58.1	118.9
STnc4180		-	109322	109243	108.8	237.3	131.7	111.6	70.1	90.85	2.4	2	2.2	97.8	277.3	560.6	532.7	87.3	36.4	147.4	76.7	44.3	81	147.5	63	105.25	79.7	64.7	60.2	135.9	29.9	54.7	105.2
SroA		-	126802	126713	5485.9	25326.6	18703.3	10404	9362.5	9883.25	2883.3	2716.9	2800.1000000000004	12647.8	31381.6	51711	40264.3	7914.4	279.6	26758	25155.9	8197.2	5254.6	5778.4	3477.4	4627.9	1753.8	3561.7	3516.8	3680.2	5993.8	16963.8	14310.9
SgrS		+	128577	128808	166.6	517	334.7	676.1	729.7	702.9000000000001	129.3	200.2	164.75	363.6	588.1	728.1	321.3	688.2	383.1	516.1	1013.8	596.9	406.9	344.1	374.3	359.20000000000005	400.3	499.8	756.2	530.4	474.2	313.6	401.6
SL0109A	sgrT	+	128602	128724	0	0	0	0	0	0	0	0	0	0	0	0	0	0	0	0	0	0	0	0	0	0	0	0	0	0	0	0	0
STnc1500		-	138274	138100	26.2	37.2	58.5	126.8	141.7	134.25	55.3	45.6	50.45	35.9	23.7	63.6	42.5	112	8.7	49.5	88.9	99.1	108.6	186.4	169.4	177.9	105	79.4	82.6	73.4	44.3	65.1	78.6
tp2		-	176242	176086	1	0.4	1.2	1.7	1.9	1.7999999999999998	1.6	1.7	1.65	0.9	2.6	0	0	0	0.7	0	6.4	3.3	2.1	5.7	3.1	4.4	4.8	2.3	6.4	0.9	1.6	2.5	1.8
STnc4190		-	209971	209868	44.1	54.7	34.7	22.9	24.4	23.65	4.3	2	3.15	48.3	53.8	26.8	26	68.8	22.4	72.9	61.8	31.6	26	42.8	54.7	48.75	51.4	18.3	68	36.8	82	44.6	66.6
STnc3250		-	223676	223451	177.1	139.8	11.7	23.6	19	21.3	54.7	41.9	48.3	194	149.5	231	129.9	110.1	351.5	412.6	31.6	19.8	43	7.9	8.3	8.100000000000001	8.5	357.2	32.9	80.8	23	43.4	84
STnc1510		+	237091	237187	58.3	98.2	112.6	185.7	141.8	163.75	56.8	42.2	49.5	44.6	121.8	92.8	136.7	166.9	45.6	178.6	335.5	186.9	76.8	125.1	50.2	87.65	200.1	294.9	344.4	69.1	75.6	109.3	179.4
STnc3100		+	245838	245954	83.6	127.7	134.2	136.3	166	151.15	270.5	219.4	244.95	87.1	106.3	92.3	107.5	235.9	149.3	116.2	164.7	141.5	135.7	148.5	168.7	158.6	204	69.1	155.6	136.1	231.1	199.4	187.9
STnc3110		+	249153	249274	38.8	42.1	88.7	126.4	118.7	122.55000000000001	273.6	205.6	239.60000000000002	71	61.2	80.5	56.6	153.6	48.7	50.3	95.9	88.3	103.6	163.4	168.4	165.9	323.9	113.9	164.6	58.8	88.8	140.1	98.9
sRNA1		+	257725	257790	386.5	774.6	577.8	655.4	582.3	618.8499999999999	607.7	571.7	589.7	427.4	524.6	699.4	889.6	351.1	427.1	658.2	633.6	812.2	507.4	799.6	577.2	688.4000000000001	330.5	566.9	467.3	492	463.9	550.2	569.7
STnc920		+	259116	259164	473.9	653.2	430	329.8	339.8	334.8	26.2	24.9	25.549999999999997	427.5	444.3	424.3	441.8	1012	387.5	584.4	378.7	238.6	350.5	413.5	485.7	449.6	330.4	226.1	203	513.4	372.5	435.5	425.7
IsrA		+	339238	338816	0	0.2	0.7	0.2	0.3	0.25	0.2	0	0.1	1.7	2	1.2	0	0	0.3	0.3	0	0	0	0.3	0.4	0.35	0	0.2	0	0.5	0.8	0	0.7
STnc1030		+	350892	351095	7.5	6	7.2	8.3	8.6	8.45	1.6	2.6	2.1	2.1	6.1	8	14.6	9.2	9.1	11.8	13.3	10.3	6.9	4.9	10.4	7.65	8.4	3.6	14.1	5.4	15.9	8.4	12.4
STnc1040		-	351100	351053	9.5	5.7	8.1	9.9	3.8	6.85	0	2.2	1.1	11.6	8.6	3.4	5.6	24.9	7.3	15	5.9	5.5	4.5	13.9	8.5	11.2	2.9	0	9.1	10	3.6	2.8	15.6
STnc3270		+	376115	376194	51.6	52.3	32.9	41.6	37	39.3	36	21.9	28.95	52.4	88.1	92.1	54.1	172.5	94.6	69.2	140.9	46	40.5	58.5	68	63.25	59.2	110.1	157.2	91.4	115.1	109.3	69
STnc1700		+	386381	386476	36.6	35	53.8	77	77.9	77.45	111.5	90.2	100.85	78.6	51.8	78.4	76.1	198.8	31.5	47.6	10.4	87.6	131.7	190.2	221.7	205.95	162.2	55.8	119.3	76.9	35.5	77.3	74
STnc3280		-	418463	418391	48.1	64.8	49.4	57.2	62	59.6	12.3	19.7	16	76.5	88	141.3	77.8	109.7	68.6	98.9	152.5	70.2	56.2	91.5	79	85.25	121.2	89.6	177.4	78.7	126.2	69	111.5
STnc4150		-	437082	436953	9.4	11.1	35.3	32.1	28.8	30.450000000000003	166.1	42.5	104.3	17.2	6.4	17.6	22.9	74.7	17	43.5	50.5	44.5	59	31.7	30.6	31.15	83.4	44	135.7	34.2	72.8	51	57.6
STnc1060		-	466783	466718	562.5	1043.6	1967	3219.3	2273.3	2746.3	2499.8	1703.9	2101.8500000000004	1749.9	2500.6	1808	1316	3054.4	243.6	1409.3	1866.2	2229.6	1849.5	2876.2	1772.2	2324.2	4375.5	2508.2	4103.7	1988.7	2349.3	2504	2378.1
STnc930		+	514484	514578	61.1	66.4	72.9	56.2	59.1	57.650000000000006	149.1	117.5	133.3	157.3	74.2	75.8	57	75.3	63.8	84.9	154.7	145.2	63.7	80.9	144.5	112.7	96	316.4	148.8	99.3	94.3	96.3	94.5
STnc3130		-	545385	545302	29.1	61.2	101	207.5	201.8	204.65	141.9	124	132.95	38.2	42	50.7	54.8	105.5	1.4	73.1	151.2	211.2	141.5	230.6	146	188.3	77.6	163.2	266.6	153.8	34.5	61.5	119.1
ChiX		+	555450	555566	52061.3	39061.2	50035.9	73698.6	93369.8	83534.20000000001	88647.4	87521.6	88084.5	34164.5	61315.1	73616.4	44115.5	49065.5	30528.8	41506.6	55813.6	44753.2	35185.4	68864.7	72141.9	70503.29999999999	120399.4	148408	181474.6	88249.7	31704.1	42394.8	62929.9
STnc950		+	569023	569074	14.7	39.5	73.2	164.5	88.2	126.35	24.6	17.4	21	18.8	35.9	18.9	23.4	19.7	9	34.7	90.6	45.5	56.1	92.1	29.7	60.9	89.7	24.4	108.3	60.5	42.6	56.1	59.4
STnc480		-	587412	587347	69.4	222.2	366.5	672.2	775.1	723.6500000000001	347.6	578.2	462.90000000000003	165	251.3	198.4	168.1	317.6	224.1	218.8	389.2	324.5	235.7	318.8	316.3	317.55	700.5	438.9	646.5	455.8	347.6	431.7	257.9
STnc1870		+	617317	617426	8.3	22.4	4.4	2.9	6.6	4.75	29.7	11.6	20.65	10.2	15.1	1.5	7.4	7.7	5.3	13.1	1.3	14.3	2.9	16.2	11.1	13.649999999999999	6.2	7819.4	10.2	8.1	5.4	2.4	328.2
STnc3180		+	668611	668719	9.8	28.3	26.8	43.6	37.6	40.6	18.2	17.1	17.65	0	5.7	28.5	29.8	32.8	0	16.6	14.4	42.2	47.6	295.2	144.6	219.89999999999998	238.5	56.7	34.4	13.2	11.7	23.1	46.3
STnc070		+	669642	669793	1294.5	3150.3	2790.7	2197.7	2384.2	2290.95	144.2	229.7	186.95	1061.2	1758.3	1780.1	4917.7	2307.2	1416.2	2760.4	2499.5	4398.1	10377.2	4052.1	2989.3	3520.7	1661.6	8015.6	3381.4	1866	1783.2	3370.8	2870.1
sRNA10		-	679410	679315	128.9	149.2	193	207.4	219.3	213.35000000000002	529.9	451.7	490.79999999999995	120.7	168.5	85.3	233.9	166.9	142	184.3	234.9	339.4	189	591.5	501.7	546.6	1024.6	292.3	428.8	255.6	212.3	263.7	274.8
STnc3550		-	689990	689844	15.6	17.3	35.2	35.2	30	32.6	21.8	14.5	18.15	8.6	16.9	23.4	20.2	18.5	12.7	18	101	58.1	28.7	76.5	57.5	67	91.9	33.4	26.4	22.8	12.8	29.8	31.2
SroC		-	728324	728172	243.6	1173.6	5095.5	4571.4	3604	4087.7	3863.7	5432.3	4648	527.6	884.9	1526.7	568.6	703.9	1649.8	1216.6	828.4	206.1	813.3	910.3	982.1	946.2	218.3	1692.7	1110.2	1454.8	2819.5	2960.7	1764.3
STnc3290		+	738320	738476	22.4	22.3	32.3	38.3	32.7	35.5	34.3	26.1	30.2	24.9	35.7	20.9	36.2	79.2	29.7	42.2	42.7	37.7	59.9	152.5	130.9	141.7	213.7	119.7	123.1	91.4	50	57.4	56.6
STnc3300		-	748639	748530	30.6	46.1	68.3	73	71.3	72.15	150.9	55.1	103	39.4	64.1	110.1	49.2	158	126	66.7	238.7	50.2	54	36.4	48	42.2	96.7	144.5	134.8	67.1	186.9	210.8	116.5
sRNA9		-	756436	756377	1115.2	776.7	591.7	310.7	300.6	305.65	38.4	26.6	32.5	814.6	988.3	611.1	746.4	1215.6	625.1	573.6	226	302.2	541.9	389.7	356	372.85	360.1	634.1	525.5	708.7	452	603	593.9
STnc3340		-	863391	863329	53.3	68.5	29.4	29.3	21.1	25.200000000000003	4.1	5.9	5	48.8	62.5	49.4	79.5	454.4	77.7	101.2	52.1	33.4	65.2	26.5	58	42.25	52.3	92.2	123.1	72.7	123.2	88.4	98
STnc980		-	889714	889558	52.5	55.4	22.4	26.6	23.1	24.85	47.7	64.7	56.2	27.6	30.4	35.4	138.7	98.8	66.8	79.7	28.2	71.1	124.5	27.7	35.7	31.700000000000003	123.2	98.3	132.3	16.5	54.3	43.9	43.5
STnc1200		-	924838	924769	429.9	1035.9	823.5	2790.9	2608	2699.45	165.7	122.2	143.95	548.6	319.9	912	906.5	995.7	59.9	1199.8	1523.1	1400.2	1262.3	1401.3	1026.9	1214.1	580.1	1528.2	1621.3	1255.9	754.2	823.6	1067.6
STnc1710		+	932197	932336	73.1	75.9	109.4	236.2	171.1	203.64999999999998	832	639.3	735.65	136.7	191	167.2	116	200.8	41.6	98.8	122.3	157.7	168.2	89.1	104.4	96.75	243.5	350.3	232.8	107.4	164.5	176.1	199.1
RybB		-	941893	941815	429.3	581.2	411.1	315.6	362	338.8	5207	4426.6	4816.8	631.1	1577.3	478.6	337.4	1330.9	598.6	290.9	742.5	1190.8	269.4	766.7	621	693.85	11655.1	813.8	1171.3	518.3	375.7	545.2	1017
STnc490		-	981711	981622	0	0	0	0	0	0	0	0	0	0	0	0	0	0	0	0	0	0	0	0	0	0	0	0	0	0	0	0	0
STnc3310		-	1009379	1009199	186.5	170.4	150.3	131	162.7	146.85	151.9	122.1	137	185.9	189	151	183.9	180.8	187.3	150.9	191.6	213.4	183.8	187	223.9	205.45	304.7	145	296.9	173	210.6	175.7	209.8
STnc3330		-	1024591	1024493	0	2.1	9.9	26.7	29.3	28	6.5	7.5	7	0	4.2	14.9	4.1	0	14.1	3.6	181.6	29.2	1.1	1.1	2.5	1.8	5.5	10.1	2.5	0	7.8	5.4	14.2
STnc3350		+	1047936	1048028	67.3	71.5	45.1	69.3	63.6	66.45	19.3	9.1	14.2	84.1	58	156.6	49.5	29.3	67.6	60.8	87.5	41	63.9	103	71.6	87.3	83.3	83	175.6	104.4	103.6	94.1	90.5
STnc4200		+	1055773	1055892	108.2	123.9	93.5	43.1	47.8	45.45	26.2	31.9	29.049999999999997	193.2	552.9	148.7	129.7	194.5	103.9	145.4	209.3	128.1	93.6	102.1	197.7	149.89999999999998	180.1	127.1	290.9	135.6	181.2	122.6	174.6
IsrB-2		-	1060740	1060833	0	2.9	8.3	2.8	7.1	4.949999999999999	0	0	0	1.5	0	1.7	1.4	5.4	8.7	7.7	7.6	8.4	6.9	0	0.9	0.45	0	0	0	1.5	0.9	1.4	5
IsrB-1		+	1060741	1060835	353.8	435.7	492.8	1058	1111.3	1084.65	136.2	207.5	171.85	419	292.5	449.7	400.2	826.9	51.5	454.7	434.2	473	412.8	543.8	536.9	540.3499999999999	376.9	808.7	675.7	1226.2	356.4	467.3	444
STnc1080		-	1062806	1062745	1170.4	1089.9	1054	1941.4	2149.5	2045.45	167.4	182.6	175	1252.4	662.1	641.6	914.3	1767.3	114.6	1280.9	1024.4	1358.4	1580.2	1698.8	2216.7	1957.75	1294.5	2175	2127.2	3331	806.1	968.3	1311
STnc3390		-	1113815	1113731	10.8	0.8	8	9.9	7.8	8.85	1.5	0.6	1.05	3.3	19.5	11.6	8	12	6.9	7.1	36.9	27.8	8.9	18.3	12.4	15.350000000000001	401.9	15	30.9	8	11	10.9	16.5
STnc1880		+	1153745	1153841	236.2	143.4	145.8	62.6	69.7	66.15	41.6	14.8	28.200000000000003	323.9	669	222.8	163.2	235.4	121.3	151.3	238.4	162.5	123.6	83.8	76.2	80	173.3	120.8	210.3	99.4	232.1	194	167.8
STnc3400		+	1154915	1154976	17.2	16.6	26.7	36.6	27.2	31.9	28.9	15.4	22.15	20.3	43.5	47.5	24	60.5	16.9	21.3	9.2	33.9	43.6	79	43.2	61.1	115.1	17.6	31.3	19.8	28.9	53.4	51.3
STnc500		-	1172641	1172561	116.9	162.5	3422.2	1050.4	871.4	960.9000000000001	617.8	463.9	540.8499999999999	94.8	179.2	442.6	152	225.1	168.3	178.3	689	4420.2	1928.4	273.5	296.8	285.15	341.3	403.6	514.4	465	188.5	885.2	935.4
STnc3040		+	1198646	1198752	8.6	11.5	21.9	20.7	29.3	25	82.6	46.7	64.65	18.3	17.4	12.2	13.9	103.5	12	19.1	41.3	20.9	28.3	11.4	9.1	10.25	41	48.4	87.7	18.5	45.4	40.9	30.6
STnc840		+	1224244	1224316	468.8	572.7	839.1	1198.1	1745.4	1471.75	459.9	442.6	451.25	265.9	607.8	222	331.7	1886.1	156.4	314.8	954.1	962.9	660	102.2	115.7	108.95	694.4	1250.2	1738.1	1681	422.9	452.1	568.9
STnc850		+	1252598	1252673	90.5	97.4	198.9	515.6	439	477.3	4282.8	2994.3	3638.55	183.8	73.7	148.6	178	1143.5	150.2	147.2	150.2	162.5	469	334	261.8	297.9	269.9	303.5	347.4	209.6	248	205.8	487.4
STnc1090		-	1252626	1252560	38.8	50.1	42.2	26	39.6	32.8	13.4	14.3	13.850000000000001	27.1	61.9	36.6	34.3	71.2	55.6	62.9	89.5	70.6	56.4	56.5	57	56.75	144.4	35.2	115.8	54.1	47.1	45.5	41.9
STnc3410		-	1255077	1254996	106.2	303.4	272.4	312.4	259.7	286.04999999999995	117.2	97.9	107.55000000000001	146.5	220	313.4	382.8	187	88.1	325.8	410.8	528.8	317.5	600.1	339.8	469.95000000000005	465.1	296.8	427.3	223.4	262.1	323.2	354.7
STnc150		-	1282677	1282521	35	29.2	42.2	44.7	40.3	42.5	67.3	68	67.65	79.2	50.2	60.5	30.2	82.5	54.9	51.3	50	68.6	52.3	144.7	129.9	137.3	321.6	64.2	90.1	49.6	115.2	67.5	60.8
IsrC		+	1285998	1286285	3.7	2.1	7.1	8.1	8.6	8.35	6.5	3	4.75	3.9	3.6	2.8	7.5	23.7	5.3	2.1	9.4	9.1	17.3	10.8	6.5	8.65	5.7	6.6	7.6	6.2	8.3	7.4	5.5
STnc3420		-	1289799	1289667	6.9	6.2	25.7	21	16.3	18.65	39	22	30.5	15.8	29.6	14.8	16.3	32	20.1	10	37.6	26.7	15.4	13.4	22	17.7	34.6	26.6	31.5	22.1	37.8	40.9	23.9
STnc520		-	1290674	1290590	273.2	537	1700.6	4526.6	5316.8	4921.700000000001	61.1	101.9	81.5	351.6	129.3	581.6	867.5	920.2	435.8	794.2	757.3	3213.6	5229.5	518.7	471.1	494.90000000000003	299.4	692.3	438.7	457.6	774.6	1289.4	895.7
STnc1760		-	1292935	1292835	59	48.2	55	72.7	60.9	66.8	174.5	139.4	156.95	47	69.8	124.8	58.9	35.4	21.9	72.7	110.2	98.9	67.4	57.3	46.6	51.95	67.2	137.6	79.3	40.6	83.6	87.9	79.6
STnc1210		+	1292956	1293014	227.9	400.8	216.6	776.1	627.8	701.95	660.3	677.4	668.8499999999999	452.1	249.5	369	364.6	924.2	17.8	744.4	764.4	311.8	303.9	352.9	169.3	261.1	250	209.3	696.7	267.7	474.1	438	413.8
STnc1990		+	1294841	1294974	104.9	109.5	175.4	88.3	95.4	91.85	90.9	65.4	78.15	128.2	151.6	128.3	157.5	391.7	240.8	172.4	167.2	124.5	177.3	156.2	139.4	147.8	181.2	133.5	348.3	137.7	387.6	261.1	164
STnc3430		-	1295057	1294946	111.8	97.9	80.1	82.5	83.5	83	56.6	32.3	44.45	31.2	122.2	111.1	122	162.8	121.7	113.9	132.5	98.5	102.2	206.8	117.5	162.15	187.4	138.6	181	54.9	102	91.1	83.5
IsrD		-	1302641	1302591	0	0	0	1	0	0.5	0	0	0	0	0	0	0	0	0	0	0	5.2	0	0	0	0	0	0	1.2	0	0	0	0
STnc3440		+	1303294	1303380	19.3	20.5	103.1	65.6	113	89.3	160.6	156.4	158.5	14.4	19.1	5.6	15.6	54.8	60.3	30.4	34.5	64.9	108	243.2	235.3	239.25	347.7	17.7	161.8	53.4	131.4	173.7	81.7
RyhB-2		-	1309937	1309727	160.7	108.5	22.2	36.5	27.7	32.1	7823.1	10464.1	9143.6	102.6	229.9	247.5	102.6	114.7	773.4	3326.4	41.3	23.7	46.1	12.1	18.1	15.100000000000001	10.4	3255.7	318.5	216.8	87.3	70.3	633.5
STnc1480		+	1316874	1317268	11.2	12.7	67.2	266.9	208.8	237.85	31.3	28.9	30.1	13.8	9.4	16.6	32.9	55.7	9.7	14.9	49.1	77.2	55.5	991.6	817.8	904.7	4077.5	204.8	60.7	35.3	38.6	47	310.7
STnc1640		+	1345883	1345970	29.5	113.7	399	1086.9	778.1	932.5	1299	579.2	939.1	111.1	141.4	299.5	179.9	273	14.6	160	532	739.1	484.9	201.2	136.6	168.89999999999998	125.5	117.6	206.9	130.5	131.8	238	302.9
STnc2010		+	1353832	1353959	16.7	28.9	62.5	101.1	96.2	98.65	43	65.6	54.3	18.5	24.3	37.1	40.2	32	42.8	24.4	58	96.5	54	63.5	101.5	82.5	96.5	39.7	132.5	58.2	94.6	61.1	58.5
STnc3570		-	1359183	1359017	271.7	248.7	207.3	183.1	142.3	162.7	21.5	14.3	17.9	171.4	370	333.3	425.3	274.5	168.8	419.3	477.7	357.2	178.5	446.7	228.1	337.4	313	543.2	493.4	215.7	231.9	272.2	323.2
STnc3460		+	1363846	1363967	135.2	115.2	83.1	60.2	54.4	57.3	62.5	67.5	65	111	151.3	89.9	157.5	143.9	125.1	79.9	62	85.1	84.1	54.8	80.6	67.69999999999999	140	179.4	113.8	86.9	124.4	93.4	88.2
STnc4210		-	1363997	1363925	14.6	30	744.2	2629.9	3371	3000.45	2418.1	1431.3	1924.6999999999998	19.1	45.4	47.1	33.4	128.4	19.1	59.3	78.2	1472.3	2238.9	405.7	403.9	404.79999999999995	565.7	227.6	465.4	119.9	132	319.5	594.5
STnc540		+	1376271	1376364	286	350	405.7	979.9	809.3	894.5999999999999	326.5	389.5	358	301.6	282.3	579.9	469.2	417	292.4	371.2	488.9	655.5	528.6	852.8	578.1	715.45	408.7	362.3	488.5	349.1	519.9	446.9	421.9
RprA		-	1401790	1401682	264.9	724.3	1340.5	3669.4	3425	3547.2	27836.8	22921.3	25379.05	1765.5	553.5	956.6	1608.6	15693	2206.8	660.1	1010.9	1638.1	2428	1579.2	1824.2	1701.7	1138.4	2291.9	2037.7	3950.6	1548.5	1506.5	2709.1
STnc1220		-	1448790	1448718	2.1	1.9	12	34	28.1	31.05	328.3	178.4	253.35000000000002	0	0	6.7	1.9	95.7	12.8	4.9	11.7	14.4	13.3	16.8	14.5	15.65	104.3	17.4	72.8	3.7	28	23.6	21.8
STnc4220		-	1464870	1464776	540.3	712	592.4	594.9	561.4	578.15	84.3	100.1	92.19999999999999	633.6	567.4	759.9	1086.6	308.5	296.7	729.6	262.9	250.3	615.2	962.2	1218.4	1090.3000000000002	512.7	591.7	238.4	1016.1	503.6	705.9	690.2
STnc3500		+	1495398	1495512	8	9.5	16.1	28.9	16.8	22.85	57.9	41.1	49.5	12.1	14.4	10	8.2	60.8	21.3	12.6	43.4	45.7	19.7	34.9	23.3	29.1	74	87.6	68.5	17.2	28.2	27.7	34.2
STnc3510		-	1506596	1506482	30.6	45.9	113.7	68	79.2	73.6	44	54.1	49.05	25.5	37.9	47	78.8	65.2	53.7	76.4	84.4	74.3	93.9	68.7	66.4	67.55000000000001	38.8	30	78.3	84.4	265.5	202.8	61.8
STnc3480		+	1519287	1519547	65	79.3	66.1	32.2	36.8	34.5	5.2	5.5	5.35	219.4	46.9	113.5	132.2	25.5	31.2	59	34.5	22.7	36.8	23.5	23.3	23.4	22.9	12.2	23.3	28.3	49.3	54.3	60.9
MgrR		+	1550746	1550844	6431.5	5168.5	7276.9	8217.8	7524.8	7871.299999999999	6881.1	4689.2	5785.15	8190.1	7784.6	8020.7	9120.6	7191.5	6577.2	5106	5035.7	6877.4	4263	12184.2	11667	11925.6	12656.2	14555.9	12687.3	12849.4	6584.3	8293.2	7819.2
STnc2170		-	1553737	1553669	93	77.5	41	38.3	35.8	37.05	31.6	22.3	26.950000000000003	58.7	60.1	68.8	294.1	330.9	393.3	156.9	132.4	78.1	43.8	50	44.7	47.35	131.2	80.3	293.8	69.4	106.3	82.6	62.4
STnc3530		+	1564332	1564503	59.5	62.6	75.4	47.9	30.5	39.2	5.6	9	7.3	64.1	65.1	60	90.5	92.1	105	73.5	24.9	10.7	71	77.7	83.1	80.4	56.6	42.8	47.3	106.9	137.4	116.3	63.6
IsrF		-	1587013	1586724	12.6	25.5	23.2	21.7	15.8	18.75	2.7	1.5	2.1	30.8	24.3	27.1	16.3	37	27.3	28.6	35.4	27.6	22	25.3	19.9	22.6	17.5	27.2	27.2	22.9	28.8	16.9	22.3
STnc3540		-	1605912	1605727	87.1	95.8	166.2	206.7	199.2	202.95	13.8	14.3	14.05	45	97	101.2	119.3	44.9	123.4	183.7	127.4	175.9	158	200.5	165.9	183.2	144.6	67.4	80.1	140.4	273.3	178.8	137.3
STnc1110		+	1643465	1643658	199.2	216.6	371	679.8	614.8	647.3	890.1	928.4	909.25	239	117.6	173	124.8	273.2	188.5	221.4	181	418.5	509.5	273.2	274.2	273.7	693.4	129.7	325.7	288.3	505.6	648.3	421.9
MicC		-	1702639	1702531	89.7	79.2	102.9	234.5	190.4	212.45	108.7	144.8	126.75	110.2	74.2	69.1	73.2	112.6	57.7	70.7	53.7	144.6	292.4	147.1	148.3	147.7	132.2	68.3	123.4	250.9	205	226.2	134.7
FnrS		-	1706905	1706784	26.3	43.8	89.5	2498.8	2542.8	2520.8	12.6	17.4	15	52.7	66.3	75.1	42.1	65.6	96.4	38.5	15916	17017.1	123.1	50.2	61.3	55.75	60.7	32	104.1	58.8	173.4	107.5	1201.4
SL1621	pspF	+	1739440	1740420	10.3	7.2	7.4	6	6	6	4.5	3	3.75	5.1	11.2	5.2	5.5	24	11.4	10.8	6.8	5.9	11.3	5.7	5.8	5.75	5.5	8	5.7	9.3	14.9	9.5	10.5
STnc2030		+	1784673	1784725	0	5.2	9.2	29.9	28.5	29.2	816	1140.1	978.05	7.9	0	6.2	10.2	32.2	2.2	4.5	2.7	12.4	10.2	6.3	4.6	5.449999999999999	10.4	3.4	20.1	7.7	6.4	12.5	30
STnc1270		-	1789691	1789368	542.7	470	637.6	264.4	272.4	268.4	39.9	46.9	43.4	600.4	637.4	758.3	744.1	497.5	548.3	530.7	389	703.2	424.1	521	508.9	514.95	609.7	210.8	330	328.9	524.1	408.2	424.4
STnc3580		+	1798747	1798826	55.4	42	91.4	82.5	88.2	85.35	131.4	95	113.2	34.9	90.7	81.8	93	193.8	51	87.2	205.2	147.8	54	45.9	32.5	39.2	38.6	183.9	217.4	107.7	155.6	119.3	95.9
STnc3600		+	1812121	1812328	11	10.5	11.7	14.5	8.4	11.45	19.1	13	16.05	2.7	6	7.1	16.3	99.1	17.4	16.2	15.8	18.3	17.7	24.1	23.8	23.950000000000003	56.7	89.1	80.6	65.7	28.7	22.3	29.2
STnc2040		-	1819414	1819352	7.3	26.1	34.1	1204.7	803.4	1004.05	196.3	166.2	181.25	15.5	23	33.8	27.9	27	33.3	42	4365.5	125.1	58.3	83.1	37.4	60.25	138.3	73.5	169.8	59.7	42	48.4	142.5
STnc3610		-	1850400	1850045	48.5	27.9	46.9	27.6	25.8	26.700000000000003	42.3	26.6	34.45	27.5	54.7	60.2	45.6	90	38.9	43.9	46.1	31.4	44	102	83.3	92.65	109.4	46.7	135.5	126.7	52.2	48.4	59.6
STnc3620		+	1866668	1866747	19.1	21.4	93.9	110.9	95.8	103.35	52.9	41.9	47.4	22.7	7.8	28.6	32.1	136.3	65.5	55.7	60.7	78.8	116.1	44.5	29.4	36.95	121.8	32.9	50.8	19.7	127.9	187.2	93.5
STnc3630		+	1894039	1894125	10.5	24.4	84.1	379.4	303.7	341.54999999999995	46.4	52.5	49.45	19.3	45.3	73.4	20.2	39.2	30.8	22.1	641.4	966.5	94.4	56.3	46.7	51.5	125.4	56.4	112.2	17.3	40.2	56.4	89.2
STnc1130		-	1913755	1913615	46.6	39.9	47	40.5	38.5	39.5	15.5	8.3	11.9	37.6	42.6	67.3	33.6	100.3	62	36.7	49.6	56.8	43.7	90.8	95.1	92.94999999999999	247.6	55.4	170.8	88.2	58.7	38.5	58.4
STnc3640		+	1915824	1916082	11.2	20.6	48.6	41.8	42.9	42.349999999999994	29.4	17.2	23.299999999999997	27.5	69.6	36.7	25.6	40.1	16.2	32.1	40.2	39.1	45	40.8	31.4	36.099999999999994	59.6	50.1	137.2	39.9	26.3	30.2	46.6
STnc1690		+	1931455	1931546	131.2	272.6	261.9	707.8	498.4	603.0999999999999	545.3	365.7	455.5	101.7	209.6	359.4	275	337.1	7.6	262.9	341.3	208.5	251.3	378.8	358.5	368.65	161	348.4	450.9	775.8	112.2	200.2	317.2
STnc200		-	1937244	1937130	89	152	104.3	110.2	93.4	101.80000000000001	79.1	94.7	86.9	85	165.9	47	120	106.7	170.2	196.7	310.3	153.1	111.8	167.5	154.7	161.1	135.4	178.5	157.2	150.4	267.7	178.6	160.2
STnc2180		-	1992913	1992863	5068.2	4014	4519.2	618.2	2096.2	1357.1999999999998	2.5	16.7	9.6	10252.1	10346.5	2792.3	7491.5	11233.5	1514.3	1689.3	1897.4	1563.8	2067.2	1320.8	1763.1	1541.9499999999998	2447.9	153.1	1917.4	4596.4	4453.3	3360	1373.7
DsrA		-	2026302	2026216	488.1	1370.7	1523.6	1916.5	2042.2	1979.35	879.4	1023.2	951.3	1075.5	2097.2	1911.6	799.3	3079.1	810	1313.9	3947.1	1691.4	890.2	1634.2	1483.5	1558.85	1932.5	2330.7	6406.8	2149.9	2678.2	3483.9	1718
STnc1280		+	2039984	2040056	234.4	600.9	1046.2	3223.9	2514	2868.95	3797	4542.1	4169.55	397.9	434.6	838.6	520.8	574.2	253.7	799.4	1875	1591.1	1256.3	7850.1	5406.5	6628.3	2768.2	2561.3	2312.3	2459.2	599.3	862.4	1860.5
STnc1290		-	2070988	2070801	5701.8	6444.8	5157.6	8435.5	9377.4	8906.45	17920.2	20151.5	19035.85	5939.6	2467.1	5550.6	5780.1	9263.6	351.9	6667.3	6993.5	8038.5	7817.8	18416.3	19201.7	18809	7454.3	12024.3	11838.3	15256.1	6276.3	4863.4	9275.4
STnc1300		+	2071271	2071409	1595.8	1429.4	1147.3	2249.8	2825.1	2537.45	425.9	536.4	481.15	1759.2	1023.3	1104.6	1221.5	2720.4	215.4	1770.3	2366.8	2691.1	2796.9	4656.2	3020	3838.1	3837.9	4694.6	5091.1	6741.3	1286.7	1662.8	2075.9
STnc1310		+	2073265	2073338	138.3	229.7	407.3	571	335.9	453.45	49.4	25.9	37.65	77.4	241	451.2	243.2	529.6	432.9	188.6	530.4	582.4	315.3	212.1	188.8	200.45	927.9	679.8	1109.3	425	152.1	231	341.3
STnc2050		+	2082064	2082105	1047.5	1605.7	548.1	140.8	650.7	395.75	4.6	31.6	18.1	1832.1	6427.5	2233.2	1298.2	1562.1	776.6	988.4	248.1	100.1	300.9	220	860.6	540.3	80	17.3	62.6	926.2	759.5	1019.2	1013.3
STnc3680		+	2088048	2088167	162.9	213.6	138.2	155.4	103.6	129.5	35.2	15.9	25.55	196.7	205.6	266	244.7	92.3	60.2	193.5	136.8	141.2	125.1	126.2	61.6	93.9	48.6	64.3	101.7	86	113	144.7	191
STnc1530		+	2101640	2101718	15.5	39	39.5	91.6	56.5	74.05	133	78	105.5	24.7	52.5	74.6	49.7	58.2	13.3	36.6	81.3	108.1	80.7	108.5	45.2	76.85	197.1	79.3	165.5	34.6	27	99	93.5
STnc3700		+	2131885	2131995	50.9	25.3	24.6	67.6	28.3	47.949999999999996	39.3	13.9	26.599999999999998	23.9	50.4	44.2	92.6	95.2	28.3	35.8	100.3	65.1	33.1	102.3	77.6	89.94999999999999	187.9	162.8	147.7	79.4	70.7	60.9	80.9
STnc1650		+	2132959	2133102	45.6	61.9	58.9	92.8	54.9	73.85	68.5	38.8	53.65	46.6	69.1	105.7	55.4	60.4	31.5	61.8	117	136.9	81.8	88.1	57	72.55	127.7	112.2	172.5	65	97.1	112.3	65
STnc700		+	2147102	2147280	1723.9	1443.1	1623.8	1522.2	1302.7	1412.45	329.3	245.8	287.55	1436.3	3985.7	2397.7	1754.3	2527.5	1160.9	1746.4	2876.8	1882	1377.7	3214.5	2989	3101.75	2060.5	2591.3	3990.2	3113.4	2523.8	1998.3	2330.5
STnc1320		+	2174386	2174470	25.2	44.3	33.3	47.8	43.3	45.55	46.7	46.9	46.8	29.6	34.1	42.4	60.5	52.1	41.1	55.2	87.3	74.2	44.5	61.6	48.7	55.150000000000006	89.6	85.5	106	51.5	50.2	53	55
STnc1150		+	2222979	2223134	325.1	391	512.1	488.2	389.8	439	218.9	206.4	212.65	143.2	372.1	547.7	426.7	433.7	575.7	422.7	331.2	246.8	409.9	738	1069	903.5	1044.3	1079.8	846.6	749.4	168.4	287.1	537.2
CyaR		+	2228847	2228932	426.3	2692	13068.9	17608.3	17807.8	17708.05	796.5	844.1	820.3	1239	4404.7	7126.2	429.5	1266.2	4965.5	1414.5	12148.1	6039.3	879.2	459.6	660.2	559.9000000000001	144.4	2049.5	1086.1	3664.6	8376	9415.8	4558.2
STnc740		-	2240366	2240283	76.4	57.9	79	118.2	94.8	106.5	164	121.5	142.75	78.1	86.4	118.9	70.9	292.1	99.8	94.5	93.5	68.8	72	95.4	119.9	107.65	143.7	180.5	254.7	180.7	185.8	138.8	124.7
STnc1890		+	2250891	2250938	12.7	48.5	36.6	124.3	93	108.65	1509.7	444	976.85	14.5	60.5	10.2	42.3	60.4	7.3	67.7	59.5	43.8	54	127.6	38.9	83.25	317.3	274.3	239.8	35.6	19.5	58	196.8
STnc3720		+	2264259	2264328	10.9	11.7	30.7	85.3	59.5	72.4	68.7	85	76.85	8	20.7	18.7	19.3	46.3	13.3	29.2	73.4	52.6	40.1	57.3	32.5	44.9	181.3	54.5	126.9	16.6	32.9	60.6	48.1
STnc1330		+	2268274	2268414	69.3	68.5	310.6	582.5	363.3	472.9	1033.4	531.8	782.6	136.7	60.3	85.9	49.9	1665.4	222.2	118.6	292.5	399.8	341.7	480.1	353.1	416.6	1550.4	508.8	1799.3	208.5	499.6	686.1	532.7
STnc3010		-	2311126	2310959	142.8	135.8	206.7	120.4	122.1	121.25	16	8.2	12.1	182	185.1	189	130.5	197.8	207.3	174	243.8	197.1	164.6	155.7	128.1	141.89999999999998	127.8	145.9	245	200.2	305.1	259.5	183.2
STnc1340		-	2320037	2319956	249.6	87.8	165.3	1359.7	645.2	1002.45	217.2	67.4	142.3	103.9	270.5	1736.7	224.4	180.8	125	149.7	1427.2	652.1	117.2	103.2	86.2	94.7	121.3	186	157.9	120.1	92.6	103.4	263.5
STnc1540		-	2321137	2321042	127.3	272	217.4	467.1	622.2	544.6500000000001	244.9	380.3	312.6	135.3	105.8	295	334	353.2	52.2	315.9	413.3	365.4	249.8	345.6	383.3	364.45000000000005	180.8	166.5	359.1	432.3	198.1	292.7	272.8
IsrG		+	2342448	2342729	6.5	5.6	4.2	1.5	1.5	1.5	0.2	0.2	0.2	2.5	4.4	1.7	5.3	1.8	2.1	7.3	1	2.8	9.2	7.1	10.9	9	10	0.3	2.2	5.6	7.3	6.6	4.3
MicF		+	2364629	2364721	640.6	959.5	934.5	320.9	543.6	432.25	1577.7	5090.5	3334.1	968.6	646.5	2824.9	3858	2158.5	3785.1	2265.5	3460.7	3368.1	1174.3	334	540.6	437.3	2030.6	707.9	608.2	58.8	1889.2	1594.6	841.8
IsrH_1_2		-	2392469	2392019	2.4	1.7	2.2	5.9	6.3	6.1	12.5	9	10.75	1.2	0.5	1.8	2.4	10.6	1.3	1.6	3.8	1.2	4.3	81.5	69.2	75.35	104.3	24.8	25.2	2.7	5.9	4.4	15.6
STnc1550		+	2437665	2437806	81.8	83.5	264.5	223.2	249.8	236.5	119.6	107	113.3	53.1	92	176.4	78.1	139.2	97.6	78.8	188	170.3	99.7	52.5	50.9	51.7	73.9	109.4	123.4	117	155.6	284.7	131.7
STnc1560		+	2449075	2449183	238.3	1331.1	490.4	533	529.1	531.05	404.4	496.8	450.6	398.5	692.4	1669.9	1588.7	1167.8	180.6	1303.7	1687.8	996.9	538.1	1096	610.3	853.15	292.6	664.8	530.4	324.3	547.7	704	748.3
STnc3730		-	2449281	2449087	7.1	21.8	32	41.2	31.2	36.2	25.3	21.3	23.3	10.7	18.1	31.9	46.5	41.9	27.5	22.2	30	24.3	30.5	162.2	93.7	127.94999999999999	135.8	85.2	62.9	59.9	32.8	23.8	45.6
STnc3740		+	2459768	2459846	27.1	39	44.4	136.4	173.4	154.9	942.5	946.5	944.5	26.5	10.5	33.2	27.4	75.5	7.4	56.4	79.5	126.4	146.3	248	210.8	229.4	303	125.3	168.7	104.7	65.9	92.3	104.2
STnc3750		-	2503803	2503726	5.9	14.1	48.8	86	87.4	86.7	175	119.2	147.1	14.3	2.7	12.6	8.7	109.2	25.4	15.4	31.1	50.5	66.5	202.7	183.3	193	244.5	57	115.5	32.4	71.1	69.7	92.3
tpke70		-	2513722	2513324	6.9	10.5	10	9.5	10.3	9.9	6.1	6.4	6.25	7.4	26.5	10.7	6.4	14.9	14	9	12.9	9.2	15.4	11.2	10.4	10.8	15.6	4.8	18	11.7	20.3	11	13.4
STnc3760		+	2515508	2515633	35.2	59.8	51.9	64.6	62.2	63.4	20.3	15.2	17.75	33.3	44.4	62.4	68.7	108.2	43.5	101.2	246.9	174.1	72	65.4	52.9	59.150000000000006	52.8	185.2	146	67.8	107.6	47.3	66.8
STnc2070		-	2672567	2672469	1331.7	864.6	704.4	828.5	678.9	753.7	301	287.7	294.35	1653.2	1744.6	1266.5	725.7	2208.4	420	1244.6	888.1	1017.9	1441.4	1512.6	1664.7	1588.65	1945.6	1097.9	1779.6	692.6	1449.9	902.3	1392.6
RyfA		+	2672651	2672944	90.9	129.8	144	180.4	204.6	192.5	25.5	31.8	28.65	52.7	59.9	71.8	139.4	111.3	163.6	178.4	213.1	313.3	201.3	357.1	318.3	337.70000000000005	384.5	363.5	202	108.8	77.2	105.5	130.8
GlmY		-	2705564	2705381	2511.5	2764.9	1868.1	2316.7	2638.1	2477.3999999999996	1666.6	2343	2004.8	1423.1	2286.3	1358.4	2014.7	3125.7	315.3	3106.9	1490.8	2692.8	3646.9	7588.5	8508	8048.25	3972.6	3200	1660.3	6168.6	1361.8	2021.1	2796.9
STnc1380		-	2729701	2729634	195.4	392.1	286.9	854.4	669.8	762.0999999999999	18.8	19.5	19.15	470.3	213.4	255.2	403.9	724.2	41.1	562.7	726.2	856	783.2	728.6	445.5	587.05	322.8	607.6	564.9	522.8	576.9	391.7	551.6
STnc3770		+	2743288	2743373	79.9	83.7	37.4	63.9	31.6	47.75	14.9	15.4	15.15	146.1	258	201.8	77.1	148.6	42	90.9	126.1	79.4	61.5	91.9	64.2	78.05000000000001	71.8	68.6	143.3	88.2	55.5	87.8	108.8
STnc1920		+	2756549	2756646	90.4	74.8	133.4	204.8	165.6	185.2	122.3	92.7	107.5	65.6	61.4	137	104.9	147.8	112.9	73.7	201	130	104.7	139.7	137.6	138.64999999999998	192.5	112.1	270	189	166.2	167.7	154.6
IsrI		-	2759265	2759018	19.7	11.1	32.3	31.1	27.5	29.3	31.3	22.9	27.1	26.5	39.3	7.3	10.4	37.1	11.7	14.6	25.3	31.3	37.9	26	36	31	77.7	21.6	66.6	16	47.8	43.3	29.8
STnc2080		-	2759518	2759410	325.1	321.9	694.4	1679.4	1606.2	1642.8000000000002	8781.6	12154.2	10467.900000000001	276.7	420.4	467	407.1	631.6	311	363.2	759.4	1013.7	572.8	2083.8	2081.3	2082.55	4278.1	1735.3	1989.4	831.6	701.9	1168.5	1247.7
IsrJ		-	2759717	2759646	558	540.7	501.2	392.4	294.9	343.65	1613.4	698.3	1155.85	329.7	452.1	488.8	689.6	1536	459.5	665.1	703.7	596.7	816.2	641.7	490.7	566.2	845.1	1396.2	975	503.2	662.2	730.8	800.2
STnc1160		-	2760451	2760372	3632	4341.7	3155.3	9797.2	8247.1	9022.150000000001	35031.5	34296.8	34664.15	3203.3	1316.6	4513.7	5029.5	5516.9	451.4	6553.3	4977.5	6475.9	5745.4	13122.5	13195.2	13158.85	7688.7	9444	7014.3	9955.3	5687.6	5700.4	8413.5
IsrK		-	2760556	2760480	686.4	891.8	708.1	597.4	584.5	590.95	180.6	229.8	205.2	513.3	1047.5	516.6	948.8	765.7	198.2	1379.9	550.5	506.8	928.7	1788.6	1468.4	1628.5	608.4	367.9	727.2	736	729.9	1241	907.4
STnc1390		+	2767704	2767767	957.2	2460.8	1507.3	4054.4	2825.1	3439.75	1458.7	1190.8	1324.75	1381.2	1681.4	2718.8	2450.1	3144.5	322.2	2771.3	2473.1	2332.2	2221.2	2037.1	1604.2	1820.65	1650.6	4303.4	3446.9	2231.4	1099.4	1803.6	2088.5
STnc1400		-	2771060	2770951	598.6	1563.2	1122.6	1185.9	840.2	1013.0500000000001	51.8	34.8	43.3	727.5	1219.5	2440.4	1576.8	1033.3	96.4	1663.8	821.3	864.8	780.7	1085	1313.6	1199.3	1011.5	1278.7	906.6	965.8	401.6	1425.3	1759.3
STnc3160		-	2807900	2807810	38.6	70	243.3	140.5	314.2	227.35	543.6	544.9	544.25	62.9	95.7	52.2	78.8	80.5	89.6	103.1	287	199.2	102.1	122.3	81.2	101.75	73.1	30.9	191.1	75.1	208.1	307.3	132.6
STnc2090		+	2808306	2808464	17.3	109.5	320.8	2627.8	3697.2	3162.5	3163.4	6096.7	4630.05	76.4	116.1	149.3	44.2	450.1	442.5	367	34640.6	15413.9	291.5	390	376.5	383.25	640.7	4074.4	1365.4	215.8	2874.5	856.9	1586.6
sRNA3		+	2808504	2808645	317.4	391.9	434.1	717.1	526	621.55	175.1	135.5	155.3	588.1	2460.3	1973.5	419.2	1359.7	621	598.2	764.9	673.6	531.7	699.4	859.7	779.55	849.2	929.8	2080.5	919	855.3	683.2	878
STnc3790		+	2810663	2810737	20.4	8.2	16.9	16.2	7.2	11.7	14.5	6.4	10.45	13	41.5	26.2	5.4	43.2	18.6	11.2	45.7	40.3	25.9	16.3	19.5	17.9	25.6	100.5	76.7	19.1	27.3	5.3	23.7
STnc3800		-	2825000	2824672	108.2	127.3	117.7	79.8	76.8	78.3	173.3	107.1	140.2	71.7	99.6	120.9	200.7	273	143.7	192	217.3	107.8	121.8	163.8	145.7	154.75	276	340	265.1	103.1	284.9	213.9	181.4
STnc4230		+	2831934	2832038	161.5	219.3	196	124.7	155.1	139.9	25.6	25.8	25.700000000000003	478.8	229.1	514.4	278.3	87.6	227.4	268.2	80.2	160.2	175.9	177.1	190.3	183.7	145.7	70.9	199.6	204.4	142.1	146.4	143.4
IsrL		-	2850588	2850244	17.3	8.1	20.1	16.4	13.5	14.95	1.7	1.4	1.5499999999999998	2.8	10.8	10.4	14.1	11.4	20.9	13.6	17.4	17.1	16.6	12.6	13.4	13	10.1	7.6	17	17.4	22	18.1	9.8
STnc3070		-	2851225	2851166	112	189.6	123.5	361.8	223.2	292.5	373.8	272.8	323.3	102.4	86.4	654.8	162.4	562.3	339.7	322.9	958.6	383.2	169.2	154	182.8	168.4	316.7	737.1	574.6	173.2	386.6	187.8	241.6
IsrM		+	2927616	2927944	2.8	1.2	2.1	1.4	2.6	2	0.2	0.6	0.4	2.1	3.2	1.5	0	4.1	1.4	2.6	5.6	4	2	3.4	0.7	2.05	4.8	0.6	2.9	2.5	4.9	1.2	1.1
IsrN		+	2929501	2929643	0	0.5	0.7	0	0.4	0.2	0	0	0	1	1.4	0	0	1.2	0.8	0	0	0.9	0.8	0	0	0	0	0	0.4	0	0	0	0
STnc3080		-	2974404	2974260	17.9	26.5	2.7	0	0.8	0.4	47.7	32.3	40	4.8	28.6	38.4	15.9	49.4	116.5	548.5	18.7	6.3	5.2	0.8	1.1	0.9500000000000001	1.9	134.6	31.1	11.8	14.7	4.6	47.7
MicA		+	2989429	2989502	751.4	753	344	1073.4	837.3	955.35	18080.9	8302.9	13191.900000000001	598.2	14600.5	1871.4	771.5	11778.8	640.7	541.5	4470.7	12359.5	616	2359.2	1388.5	1873.85	29592.4	3855.7	3129.9	369.5	387.2	445.9	3865.3
STnc4240		+	3037101	3037394	468.2	354.8	292.3	89.8	112.9	101.35	26.4	11.7	19.049999999999997	653.6	580.4	535.6	279.8	484	311.4	425.6	237.9	148.4	192.5	95.1	85.9	90.5	54.4	12	154.9	255.5	669.2	331.3	313.1
STnc3020		+	3038687	3038786	9.2	15.8	7.8	9.5	4.8	7.15	7.7	5.8	6.75	8.4	18.7	9.8	9.5	39.2	4.7	16.8	25.7	11.8	5.4	260.5	320.8	290.65	312.1	94.4	75.1	17.1	29	11.9	60.8
STnc1410		+	3048830	3049012	49.3	47.9	56	49.6	35.9	42.75	215.3	140	177.65	67.9	104.2	111.8	32.5	179.7	49	64.4	100.6	83.3	53.1	35.3	37.7	36.5	67.5	101.2	125.5	56.4	100.7	71	73.6
InvR		+	3067500	3067579	792.5	1003.2	9592.8	36264.1	27965.1	32114.6	11455.6	11941.8	11698.7	916.5	1073	1823.1	1011.3	1878.7	1163.4	1082.9	1166.8	12337.5	19028	239.4	300.5	269.95	499.9	1565.3	2042	2003	1064	4888.7	5574.7
SL2908	ispF	-	3092827	3093306	115.5	102.4	60.6	16.9	26.5	21.7	0.1	0.6	0.35	63.7	76.9	31.7	64.5	25.6	134	72.2	24.7	30.9	62.8	33.4	31.3	32.35	24.2	3	10.7	48.1	53.5	43.6	50.3
STnc3140		-	3109981	3109885	111.8	56.5	53.3	93.1	110.7	101.9	214	65.7	139.85	50.4	66.3	59.1	297.1	310.9	63.6	70.7	47.1	20.3	57.9	1558.7	1200.8	1379.75	1260.9	113.3	287.7	3101.7	56.3	80.6	364.5
CsrB		-	3138522	3138160	4253.8	7080	7277.7	8176	8050.6	8113.3	812.1	1367.6	1089.85	8581.4	5248	6970.1	1689.5	3744.7	3565.4	7955.5	10719.6	9465.8	5368.3	584.6	729.2	656.9000000000001	1482.5	3104	4113.9	4602.9	7550.6	9108.4	5002.7
GcvB		+	3156779	3156979	14885	25806.2	15761.3	6355.1	8780.2	7567.650000000001	96.6	203.3	149.95	27453.7	14996.4	27471.9	18676.3	3828.6	41268.4	14071.1	22449.5	35281	20001.7	47.6	41.2	44.400000000000006	482.9	391.2	188	50.3	49733.7	37070.1	13302
STnc3830		-	3186537	3186446	51.5	46.2	57.3	66	63.6	64.8	78	40.4	59.2	83.5	65.4	197.5	52.9	248.2	77.2	54.9	193.9	34.3	43.4	38.7	27.4	33.05	55.9	258.6	109.5	44.6	57.5	53.3	85.4
STnc290		-	3215717	3215639	299.7	402.5	879.1	1572.4	1713.7	1643.0500000000002	866.2	834.9	850.55	166.2	598.4	772.9	345.9	852	309.6	450.8	995.5	635.3	356.9	587.7	503.8	545.75	923.9	1646	1739.1	1069.6	590.5	801.9	584.9
IsrO		+	3219100	3219300	73.7	59.7	56.3	33.6	31.8	32.7	35.4	20.4	27.9	59.8	141.3	106.7	48.5	128.9	66.6	73.6	67.5	49	63.4	33.2	31.5	32.35	72.3	26.2	47.9	28.9	97.2	65.9	68.9
SsrS		+	3242594	3243000	19684.5	38269.8	36157.4	64628.8	54701.4	59665.100000000006	103294.9	96878.7	100086.79999999999	24658.3	14409.2	39161.7	38347.4	55002	1893.8	39475.5	74958.1	66142.7	42255.2	50419.5	52692.9	51556.2	46468.3	49382.3	46018.1	34244.8	34123.6	42321.9	41071.6
STnc3030		+	3250106	3250210	58.2	53.5	157	90	78.1	84.05	23.2	14.7	18.95	110.4	209.3	265	27.1	47.1	174.2	53.9	125.1	43.8	29.8	49.8	48	48.9	36.6	19	32.2	59.2	173	261.3	93.5
STnc750		-	3261273	3261185	466.9	629.1	600.6	462.9	316.6	389.75	740.1	711.8	725.95	542.9	659.3	389.9	495.6	306.3	494.7	507	514.8	504.9	534	487.9	334.9	411.4	350.7	299	466.1	189	739.8	631.4	609.6
STnc3150		-	3273824	3273499	12.7	38.7	9.9	14.4	11.1	12.75	6.3	2.9	4.6	35.1	66.8	50.2	24.9	108.2	73.6	76.8	68.3	18.9	19.9	46.8	32.4	39.599999999999994	134	27.9	75.6	19.1	110.7	46.3	47.9
STnc3850		-	3276099	3275931	42.5	46.6	54.8	38.8	28.9	33.849999999999994	5.3	3.5	4.4	104.9	60.1	68.8	66.4	27.2	57.2	81.9	72.6	31.1	28.1	36.9	35.1	36	29.2	19.3	39.6	32.4	75.2	52.5	47.6
STnc3860		-	3283844	3283748	17.3	17.7	13.1	34.3	10.6	22.45	69.4	53.1	61.25	8.6	17.1	160.3	11.2	29.9	24	26.1	39.7	29.8	20	13.8	14.2	14	13.4	35.6	25.2	9.2	30.8	20.5	25.1
STnc3870		-	3297024	3296886	5.5	22.2	23.2	48.3	72.9	60.6	63.6	36.7	50.150000000000006	25.1	26.8	15.3	11.7	87	21	14.7	93.4	78.5	45.9	52.9	57.9	55.4	36	137.2	137.3	54.6	44.8	20	43.7
STnc3880		+	3305410	3305515	5.8	12.3	113.2	105.6	48.9	77.25	33.9	25.1	29.5	7.9	43	67.9	10.2	59.5	33	21.6	17.5	13.6	29.6	36.8	36	36.4	155.3	77.1	200.1	50.3	97.4	125	60.9
STnc1170		-	3312525	3312429	9.4	6.4	27.1	185.7	167.9	176.8	14.5	5.5	10	2.9	25.6	11.8	9.8	33.4	10.8	17.4	378.1	547.2	49	17.2	18.4	17.799999999999997	11.3	4.7	31.6	14.1	29	27.3	36.6
STnc3890		+	3322951	3323033	101.2	91.7	135.1	249.4	154.1	201.75	215.4	128.7	172.05	112.7	239.8	222.9	189.1	480.4	44.9	210.2	99.7	126.6	152.3	350.1	151.7	250.9	166.1	563.4	944.5	207.6	97.6	127.7	291.9
STnc1820		-	3349187	3349037	273.2	206.5	175.7	114.4	121.5	117.95	205	194.3	199.65	244.2	503.9	272.1	398.7	738.1	104.9	266.2	288.3	234.9	176.7	110.6	147.9	129.25	132.6	535.2	216.3	114.1	455.8	334.4	269.5
STnc3920		+	3349508	3349727	1.4	1.2	0.4	2.2	1.6	1.9000000000000001	600.8	243	421.9	0.6	1.9	0	3.1	9.3	0.5	2.7	0.6	1.2	2	3	0.7	1.85	2.8	5	1.7	0.3	3.1	2.4	30.2
STnc1420		+	3382981	3383131	42.5	140.2	152.4	154.2	200.2	177.2	50.5	63.7	57.1	70.3	125	273.2	172	85.8	41.7	88.5	276.9	187.1	62.2	130.5	97.4	113.95	112.7	200.3	150	104.1	50.8	44.8	54.5
STnc310		-	3414032	3413972	15	15.7	75.2	24.2	11.9	18.05	70.4	32.2	51.300000000000004	18.3	132.6	29.5	44.4	153.6	24.8	25.6	7	2.2	69.1	21.9	16	18.95	49.5	128	245.1	13.4	19.6	54.3	47.5
STnc3950		-	3481116	3480987	75.2	71.7	44.3	34.5	26.9	30.7	35.5	13.1	24.3	33.3	95.7	63	89.5	87.8	34.9	81.5	96.6	61.7	53.2	46.2	20	33.1	53.8	65	94.8	30	72.2	94.8	78.4
STnc1660		-	3489247	3489125	222.3	245.7	249	163.2	176.1	169.64999999999998	20.3	22	21.15	233.9	475.4	161	145.2	393.5	147.7	198.6	128.8	119.6	253.8	72.4	109	90.7	61.9	35.4	59.5	280.1	238.5	163.8	210.6
STnc3960		+	3491490	3491592	23.7	39.9	47.3	31.3	38.7	35	55.4	27.3	41.35	29.8	88.6	41.3	49.9	61.2	22.6	58.4	90.1	91.8	65	46.5	32.3	39.4	77.3	73.2	109.3	47.1	71.2	75.9	59
STnc3970		-	3507677	3507628	94.7	193.3	117	163.7	137.6	150.64999999999998	33.3	44.6	38.95	47.5	170	209.5	276	153.4	30.3	245.5	331.1	236.5	114.5	253.8	105.6	179.7	268.9	399.6	515.5	105.3	81.9	140.5	209.5
ArcZ		+	3511800	3511917	3729.8	4066.2	21543.4	36628.1	25339.5	30983.8	60735.4	51553.8	56144.600000000006	6116.3	6453.8	8421.6	3545.1	10404.9	16610.8	6612.9	11987.6	12381.8	7775.7	15265.5	15245	15255.25	16236.2	18403.2	22688.7	16222.2	13217.3	21994.3	18464.5
STnc3060		+	3533708	3533783	54.3	61.3	43.6	52.1	62.7	57.400000000000006	9.3	7	8.15	62.5	68.2	114.2	83.7	338.6	136.4	148.8	93.9	77.8	62.5	58.6	53.4	56	84.8	86	134.2	97.1	150.4	111.6	82.5
STnc3050		-	3543654	3543529	20.6	42.4	37.2	126.2	85.7	105.95	63.1	61.6	62.35	17.7	16.5	46.8	49.4	75.7	9.2	38.2	69.1	65.7	54	217.4	185	201.2	168.8	147.7	90.9	92.2	28.4	36.8	74.2
STnc2100		+	3550903	3550965	31.5	26.1	9.3	14.3	9.6	11.95	4.1	2.5	3.3	62.1	42.8	26	107.4	56.8	14.8	13.4	18.1	22.9	20.6	33.6	25.8	29.700000000000003	110	40.4	109.2	23.9	46	27.3	16.3
STnc3990		-	3587429	3587262	69.1	57.9	62.7	54.1	38.8	46.45	24.8	16.1	20.450000000000003	59	67.9	77	82.1	134.9	104.7	83.1	69.7	67.3	82.3	51.7	58.5	55.1	110.2	57.3	127.4	50.5	98.5	85.2	65.7
STnc1670		+	3593794	3593896	3	2	18.9	105.1	70.9	88	9.3	8.8	9.05	1.4	4	143	1.3	16.5	40.7	1.2	421.2	165.8	5.2	5.4	3.2	4.300000000000001	12.7	59.1	14.6	4.6	5	15.4	47.2
STnc4000		+	3619657	3619755	47.8	43.6	10.8	12.3	17.1	14.700000000000001	194.8	90.2	142.5	14.1	35.6	62.8	56	80.9	138.8	239.4	7.2	6.6	30.6	7.9	7.4	7.65	30.5	279.8	57.5	33.8	46.5	44.2	60.5
STnc1590		-	3633424	3633247	1380.9	1784.2	1572.7	1786.8	1906.8	1846.8	878.3	773.9	826.0999999999999	1776.2	1834.6	2200.6	2468.7	3930.8	807.5	2501.9	2375	1956.8	1647.6	1833.9	1625	1729.45	1227	1041.7	2231.6	2095.4	1937.2	1890.4	1874.9
STnc340		-	3657403	3657275	32	20.2	28	20.5	15.9	18.2	44.7	18.5	31.6	36.8	64.3	26.6	50.3	63.4	16.3	28.9	22.1	15.3	13.4	19	13.9	16.45	30.8	22.5	23.8	17	39	38	34.8
STnc760		-	3685117	3684975	58.8	81	150.7	181.3	134.6	157.95	26.9	16	21.45	68.4	46.4	108.7	104.1	183.5	157.2	111.1	142.7	153.4	219.8	2134.1	1722.8	1928.4499999999998	2596.1	3685.7	3381.5	259.6	192	147.4	639
STnc4010		+	3729767	3729899	3.4	3.1	11	13.9	10.9	12.4	69.4	36.8	53.1	3.2	0	3.7	4.1	85.8	5.3	8.1	17.2	24.7	33.3	4.2	10.4	7.300000000000001	34	19.1	31	5.1	28.2	30.9	14.1
RyhB-1		-	3736818	3736723	206.9	124.9	35.6	37.4	25.8	31.6	3674.9	3797.7	3736.3	64	315.3	404.1	114.2	51.5	1123.6	20602.2	56.5	26	29.3	24.4	30.5	27.45	27.9	17139	895.5	104	61.3	51.1	1244.2
STnc1830		-	3739898	3739679	9	7.2	17.7	15.4	14	14.7	13.1	8.7	10.899999999999999	6.3	11.3	14.9	12.3	66.6	7.4	14.8	16.9	15.5	18.2	38	48.4	43.2	59.9	66	142.5	36	38.4	21.7	31.5
sRNA12		-	3755125	3755045	0	3.4	8.4	12.4	24.6	18.5	47.5	23	35.25	6.9	2.6	2	3.3	16.8	2.9	10.4	21.1	11.4	20	13.7	10	11.85	39	11.2	34.8	4.2	27.4	16.4	21.9
STnc770		-	3778333	3778181	239.6	204.7	315.6	481.2	362.8	422	174.2	99.7	136.95	147	403.8	451.5	202.5	705	314.4	207.6	925.4	757.4	295.1	158.6	198	178.3	189.2	350.2	287.9	206.4	428.7	243.4	347.2
STnc350		-	3782857	3782696	123.5	102.4	101.8	91.3	75.2	83.25	21	8.2	14.6	94	115.2	226.3	127.8	251.4	141.7	148.6	313.6	177.6	111.4	19.2	15.5	17.35	88.1	38.1	42.1	9.3	116.3	140.7	108
STnc4020		+	3801175	3801266	56.5	94.6	109.2	39.6	45.2	42.400000000000006	3.5	5.2	4.35	78.9	155.5	156.6	169.1	88.9	64.6	204	121	71.4	71.6	164.6	100.6	132.6	43.2	15.8	151	48.3	178	110.9	119
STnc710		+	3829661	3829728	5991.5	11092.5	14465.7	13564.1	13812	13688.05	9184.2	6745.6	7964.900000000001	9728.4	14388.6	19717.2	21155.3	17416.6	685.2	11785	14219.9	18267	12965.7	14473.9	6813.4	10643.65	22860.4	6905.4	25133.5	11305	16569.5	17476.4	13337
STnc1430		-	3829797	3829428	163.9	350.6	461.1	660.3	890.6	775.45	75.3	120.8	98.05	140.4	176.5	236.2	260	199.4	201.5	354.5	747.6	554	335.7	363.8	307.8	335.8	175.2	359.8	253.8	262	204.2	266.9	282.4
STnc780		-	3858993	3858666	205.4	222.1	179.3	153	172.2	162.6	48.8	43.3	46.05	232.9	254.1	262.5	214.1	645.3	250.7	161.4	154.9	107.8	117.2	96.7	108	102.35	128.4	113.2	274.5	178.4	278	188.3	183.9
STnc380		-	3907052	3906945	48.1	20.3	12.6	10.3	5.6	7.95	19	15.3	17.15	27.2	55.7	81.8	33.8	134.1	21.6	23.4	10.6	29.2	155	86.6	72.2	79.4	312.5	194.2	107.2	24.7	53.7	36.8	65
AmgR		+	3985660	3986859	1.4	2.6	3.1	4	3.5	3.75	5.6	2.8	4.199999999999999	2	1.7	1.9	4.6	18.5	1.9	2.8	3	2.7	3.8	5.7	4.6	5.15	15.4	4.6	8.6	3.1	6	3.8	6.4
STnc4040		-	3993945	3993822	37	66.9	66.1	88.6	78.8	83.69999999999999	28.9	26.6	27.75	29.3	30.1	63.4	58.9	75.6	93	64	444.3	61.5	55.8	72.7	88.4	80.55000000000001	126.1	22.7	137.2	98.7	203.6	97.3	98.8
STnc2110		-	4030702	4030646	77.7	181.6	32.5	54.7	64.6	59.65	10.1	14	12.05	51.5	349.2	66	92.6	1542.6	194.1	599.5	70.1	43.8	104.2	70.3	84.1	77.19999999999999	63.8	100.4	936.3	93.5	3845.4	79.1	306.9
STnc4250		+	4069297	4069429	422.7	475.6	393.1	132.2	163.3	147.75	16.9	24	20.45	413.7	837.1	504.6	617.5	107.6	359.1	399	232.9	153.1	240.4	274.6	279.1	276.85	77.9	151.6	87	313.5	352.7	355.7	308
STnc3170		-	4071038	4070923	5.3	4.1	9.2	42.8	22.9	32.849999999999994	12.7	11.9	12.3	6	12.5	7.1	5.8	19.1	27.1	7.3	32	19.3	19.6	118.1	53.9	86	418.1	187.9	48.5	24.2	17.6	8	47.6
STnc400		+	4072457	4072530	18693	32083.5	92917.6	103322.5	104842.5	104082.5	150136.1	138622.9	144379.5	97359.7	43686.5	72022.9	58351	29017.5	8556.9	52838.1	86263.1	198552.4	126509.1	30228.2	46424	38326.1	26143.1	102290.2	129574.6	37611.4	58632.4	48790.7	80246.8
STnc1860		-	4081303	4081219	98.8	553.9	366.1	620.7	358.4	489.55	136.4	98.8	117.6	374.6	373.2	818.4	542.8	691.7	60.3	656.8	787.5	276.7	479.1	986.3	688	837.15	734.4	490.4	378.3	186.6	811.7	994.8	623.9
GlmZ		+	4163193	4163400	3737.6	4650.5	5073.4	1746.4	1908.5	1827.45	532.6	641.6	587.1	3126.7	4243.4	4504.6	3954.7	2478.3	1942.1	3990.5	2193	4148.9	3936	7776	6804.6	7290.3	10724.6	2851.7	2459	3723.1	4236.1	4767.9	3441.9
STnc790		-	4209681	4209486	20.3	99.7	814.1	253.8	253.6	253.7	442.6	373.1	407.85	10	42.3	110.2	38.7	316.5	64.2	81.7	83.7	22.1	82.1	36.9	33.6	35.25	29.4	94.1	81.1	63.8	208	75.7	155.1
Spf		+	4230505	4230614	18919.2	15139.9	1135.9	695.7	781.5	738.6	415.9	489.4	452.65	25254.1	19182.5	15864.4	21871.8	14163.9	13798.1	14489.5	3858.7	3776.8	8594.6	17546.8	21835.8	19691.3	17137	26002.4	27491.4	15134.9	10485.6	6126.5	13002.2
CsrC		+	4231596	4231839	5128.2	4064.9	10546.8	15482.4	14541.9	15012.15	3407.7	4218.3	3813	2631.6	4188.4	5327.9	1604.6	3303.4	8085.6	4258.3	8207.8	10946.2	7243.2	2541.1	1830.2	2185.65	2739.6	2974.3	3521.1	6315.1	4691.5	4670	4549.1
STnc800		-	4237036	4236852	326.2	1540.4	297.9	246.9	392.3	319.6	7.3	17.2	12.25	924.7	1144.3	1459	239.1	513.1	1244.2	999	723.6	176.8	358.5	2926.7	2658.1	2792.3999999999996	215.1	3927.8	2866.5	1948.5	764.8	391.9	861.5
STnc3120		+	4249943	4250101	28.8	20.7	70.5	67.8	58.4	63.099999999999994	280.9	228.3	254.6	14.9	26.1	39.1	37.4	245.4	41	49.9	89.8	68.6	108.7	46.9	39.8	43.349999999999994	121.2	124.5	175.1	27.9	186.1	190.9	100.6
STnc870		+	4292541	4292598	806	1124.9	1762.4	4504.8	4781.7	4643.25	14376.8	19520	16948.4	996.8	993.8	965.2	335.9	3857.7	992.1	653.5	450.3	752.1	2005.8	38.4	44.8	41.599999999999994	44.9	64.2	60.4	1995.5	1414.6	2504.4	1678.8
IsrP		+	4328158	4328305	64	45.4	66.6	25.7	26.1	25.9	4.8	12.2	8.5	52.8	102.3	59.7	36.6	39.1	57.5	64.2	17.4	24.9	36.5	57.9	53.2	55.55	57	19.6	28.3	59.1	89.3	62.7	43.6
STnc4070		-	4334856	4334758	29.3	33.2	33.5	31.5	47.5	39.5	7.1	5.9	6.5	24	48.2	74.4	49.2	68.9	27.1	52.3	135.5	74.3	31.6	22.5	9	15.75	19.4	55	118.2	12.4	82.7	48.2	41.6
STnc4080		-	4339930	4339806	6.1	7.1	4.7	2.5	6.3	4.4	46.1	20.4	33.25	12.3	16.6	11.8	11.9	6.8	3.7	8.7	6.9	9.5	6.9	41.9	24.7	33.3	33.5	445.3	22.5	27.3	6.1	2.1	35.9
STnc1600		+	4356617	4356687	45.2	43.4	112.6	203.8	118.1	160.95	37	11.2	24.1	51.1	93.4	133.7	66.7	86.4	152.6	71.2	315.6	135.1	68.5	87.8	76.6	82.19999999999999	164.2	135.6	215.9	105	201.8	162.4	126.5
OxyS		-	4364424	4364306	92.4	110.6	68	41.7	46.1	43.900000000000006	74.8	113.9	94.35	51.6	122	154.1	563.9	136	2125.1	116.3	121.1	1263.1	3794.4	74.8	77.1	75.94999999999999	54.8	21584.8	444.8	43.1	138.3	167.1	614.7
STnc3490		-	4395692	4395604	118.4	36.2	39.5	18.4	20.3	19.35	23	10.7	16.85	50.2	88.5	46	66.9	310.2	34	55.4	51.3	25.1	63.1	25	35.6	30.3	28.5	88.8	70.3	49.2	107.3	71.5	63.1
STnc1460		-	4404050	4403811	2136.8	8416.9	5579.1	5521.6	5442.5	5482.05	142.8	267.9	205.35	2694.7	4050	4378	8224.1	6500.3	327.1	6878.7	5286.7	2313	2525	7516.2	5432.7	6474.45	3629.8	5506.4	3089.6	5780.1	3332.9	6459.2	5343.6
STnc4100		+	4448721	4448838	60.8	43.6	58.7	81.9	80.3	81.1	15.2	6.8	11	101.8	61.5	95.7	65.4	39	20.7	68.3	91.9	109.1	68.7	105.7	68.8	87.25	119.8	69.3	168.1	56.8	70.8	64	104.6
STnc810		-	4467935	4467989	13.9	421.2	239.4	389.9	437.7	413.79999999999995	14	31.9	22.95	60.9	354.4	404.8	68.9	148.7	224.5	183.8	1837.2	47.8	13.7	22.3	26.6	24.450000000000003	22.4	36.3	53.5	55.9	438.8	566.3	163.3
STnc2130		+	4475778	4475868	72.2	885.7	1151.2	1178.8	1321.3	1250.05	373.2	567.7	470.45000000000005	316.1	925	638.6	1037.7	460.7	145.9	722	3833.2	2876.1	1215.5	447.8	449	448.4	532.9	509.9	491.6	211.1	462	776.2	898.3
STnc880		+	4486746	4486824	1017.1	1282.2	5316.4	2779.8	2304.7	2542.25	3102.3	1467.2	2284.75	9301.8	2947.3	5281.5	445.3	394.7	3254.2	1026.6	1098.4	1260.7	1113	288.9	396.9	342.9	198	241.4	445.1	1189	3346.7	5881.6	4522.8
STnc630		+	4553814	4553973	726.6	912.4	1019.9	673.4	579.5	626.45	169.4	135.9	152.65	985.4	1472.1	2352	1642.1	3209	1476.4	843.8	512	1342.6	1388.1	9778.2	11016.3	10397.25	14178.2	35815.8	9684.6	1563.4	544.8	620.4	3772.4
STnc1180		-	4559978	4559884	27.3	23.8	50.3	61.2	76.8	69	25.6	20.1	22.85	17.6	17.5	20.7	18.5	34.1	49	27.9	39.1	431.5	137.6	32.8	20.5	26.65	47.7	60.2	66.5	32.4	42.2	30.7	51.2
STnc4110		+	4562398	4562462	9.4	27.4	46.5	60.1	68.7	64.4	72.9	63	67.95	17.2	22.3	25.2	31.2	120.6	35.8	40.7	114.2	50.5	26.6	29.1	27.5	28.3	26.4	215.1	85.7	43.1	85.3	55.1	33.1
STnc440		+	4580486	4580566	288.6	385	2020.6	5060.5	5240.5	5150.5	2248.9	2807.5	2528.2	458.6	504.3	889.2	2385.1	2417.2	1197.9	408.5	1004.4	3145.2	2363.1	22262	27374.2	24818.1	36457.1	18441.8	3189.2	909	1150.8	1747.4	4119
STnc3000		+	4591419	4591506	19.1	21.8	41	36.6	28.8	32.7	13.1	6.6	9.85	30.2	89.5	46.5	58.4	193.6	4	87.5	8.1	11.9	41.7	38	27.7	32.85	57.7	163	164.2	51.3	52.3	39.2	51
STnc4120		-	4650411	4650288	94.9	89	115.6	92	89.5	90.75	122.5	88.7	105.6	84.5	88.6	96.4	103.7	149.8	161.6	113.5	184.2	96.4	73.2	89.8	89.1	89.44999999999999	188.6	142.1	183.7	76.6	244.9	150.7	110.9
STnc1740		-	4683513	4683334	112.9	115	74.8	42	31.5	36.75	18.5	11.5	15	228.1	125.6	232.8	135.3	102.2	216.1	149.1	211.7	102.9	66	40.8	46.9	43.849999999999994	53	32.3	87.9	59.2	195.7	134.7	112.8
STnc2160		-	4683700	4683637	4.8	45	86.9	141.9	130.1	136	14	12.5	13.25	19.6	61.6	56.3	27.5	90.5	54.6	28.2	541.9	147.8	40.5	41.8	39.3	40.55	39.7	65.3	100.7	44.9	198.6	116	74.5
IsrQ		+	4783575	4783742	0.9	1.2	2.9	0	0	0	0	0.3	0.15	1.7	2.5	1	0.8	0	0.7	3.6	0	0.8	1.3	1.3	0.5	0.9	0.4	0	0.7	1.6	1.5	1.6	1.1
STnc4260		+	4791125	4791218	30.9	16	48.8	24.7	10.9	17.8	31.4	23.2	27.299999999999997	4.5	57.3	60.9	50.4	598.2	32.2	34.6	7.6	14	72.4	14.2	21.6	17.9	34.3	177.8	145.1	32	17.2	24	38.8
STnc4130		-	4796864	4796789	34.2	62.2	97.5	148.7	138.9	143.8	102.9	51.7	77.30000000000001	44.1	136.4	159.4	121.1	421.5	46	125.1	236.6	223	98.1	126	51.3	88.65	152.5	439.7	316.1	194.3	170.6	123.8	112
STnc1470		+	4797958	4798032	1715	3211.1	2173.1	3899.9	5231.8	4565.85	3367.7	5339.4	4353.549999999999	2536.1	804.5	1182.9	2796	10501.6	90.1	3191.1	3364.5	3540.5	3016	5797	4537.8	5167.4	2174	7558.8	5724.2	5304.9	2648.4	2210.6	3555.6
STnc4140		-	4846541	4846459	84.7	185	189.2	231	272.6	251.8	314.2	330.4	322.29999999999995	58.9	137.4	145.9	150	160.1	94	201.5	543.4	280.2	117.1	152.9	92	122.45	190.1	242.9	413.8	106.3	203.5	209.2	220.9
